product_sku,product_name,quantity_sold,revenue_usd
GGOEGDHQ015399,26 oz Double Wall Insulated Bottle,2070,44454.491527
GGOEGOCB017499,Leatherette Journal,4058,38563.457656
GGOEGOLC014299,Google Metallic Notebook Set,5447,28846.596814
GGOEGDHC018299,Google 22 oz Water Bottle,9824,27881.329161
GGOEGOCL077699,Google Hard Cover Journal,1825,25432.673189
GGOEGBMJ013399,Sport Bag,4948,23441.408008
GGOEGDHC074099,Google 17oz Stainless Steel Sport Bottle,1418,23301.667771
GGOEGBRA037499,Waterproof Backpack,218,19379.836853
GGOEYOLR018699,YouTube Leatherette Notebook Combo,3087,18754.463097
GGOEGHPB071610,Google Twill Cap,1782,18445.834065
GGOEGDWC020199,Engraved Ceramic Google Mug,2145,17791.328706
GGOEGBRJ037399,Google Rucksack,267,17643.699369
GGOEGGOA017399,Maze Pen,16618,15604.003029
GGOEGOCC077999,Google Spiral Journal with Pen,1893,15424.25454
GGOEGDHR018499,Google 22 oz Water Bottle,5382,15113.712835
GGOEGOCT019199,Red Spiral Google Notebook,1641,14791.419768
GGOEGAFB035815,Google Men's  Zip Hoodie,296,14742.492617
GGOEGOCR017899,Recycled Paper Journal Set,4122,14699.078507
GGOEGBRJ037299,Google Alpine Style Backpack,166,14451.93909
GGOEGOLC013299,Spiral Notebook and Pen Set,2962,14411.846986
GGOEYOCR077799,YouTube Hard Cover Journal,1058,14379.759592
GGOEYHPB072210,YouTube Twill Cap,1385,13919.59434
GGOEGEVR014999,Google Water Resistant Bluetooth Speaker,447,13855.909286
GGOEGEVB070499,Google Bluetooth Headphones,286,13689.12423
GGOEGDWR015799,Red Shine 15 oz Mug,1125,13641.701654
GGOEGBJL013999,Google Canvas Tote Natural/Navy,986,13511.488517
GGOEGOCC017599,Recycled Paper Journal Set,3678,13219.091923
GGOEGDHQ014899,20 oz Stainless Steel Insulated Tumbler,531,12652.261649
GGOEGBRB013899,Google Laptop Backpack,137,12542.006992
GGOEGFKQ020399,Google Laptop and Cell Phone Stickers,5528,12409.088536
GGOEGAFB035814,Google Men's  Zip Hoodie,247,12163.549721
GGOEGBJC019999,Collapsible Shopping Bag,2636,12038.266414
GGOEGAFB035816,Google Men's  Zip Hoodie,208,10638.090395
GGOEGHPJ080110,Google 5-Panel Cap,548,10380.066983
GGOEGETR014599,Google Tube Power Bank,667,10208.466345
GGOEGHGC019799,Google Sunglasses,3133,10147.133805
GGOEGHGH019699,Google Sunglasses,3010,9912.763676
GGOEGOFH020299,Galaxy Screen Cleaning Cloth,4904,9495.81773
GGOEAKDH019899,Windup Android,2454,9434.123927
GGOEGAAQ010415,Google Men's 100% Cotton Short Sleeve Hero Tee White,594,9192.582352
GGOEGAAB010515,Google Men's 100% Cotton Short Sleeve Hero Tee Black,563,9127.483065
GGOEGOXQ016399,Badge Holder,4529,9077.630593
GGOEGFSR022099,Google Kick Ball,4635,8868.352836
GGOEGAAB010514,Google Men's 100% Cotton Short Sleeve Hero Tee Black,537,8812.181815
GGOEGCKQ013199,1 oz Hand Sanitizer,4412,8648.879012
GGOEYDHJ019399,24 oz YouTube Sergeant Stripe Bottle,1181,8550.023356
GGOEGBJR018199,Reusable Shopping Bag,2601,8496.599604
GGOEGAFB035813,Google Men's  Zip Hoodie,160,8423.455293
GGOEGOAA017099,Ballpoint Stick Pen 4 Pack,2254,8279.638117
GGOEGFYQ016599,Foam Can and Bottle Cooler,4575,8269.35653
GGOEGEVJ023999,Compact Bluetooth Speaker,143,8099.006305
GGOEGHGR019499,Google Sunglasses,2532,8076.802204
GGOEGODR017799,Recycled Mouse Pad,5349,7938.070227
GGOEGDHR082199,Google 25 oz Red Stainless Steel Bottle,617,7668.783863
GGOEGAWQ062948,Google Baby Essentials Set,261,7623.603916
GGOEGOAR013099,Google Stylus Pen w/ LED Light,1463,7535.329141
GGOEGHGT019599,Google Sunglasses,2306,7353.621608
GGOEGOAQ012899,Ballpoint LED Light Pen,2985,7088.793515
GGOEGOAQ018099,Pen Pencil & Highlighter Set,1838,7020.371444
GGOEGDHJ082599,Google 17 oz Double Wall Stainless Steel Insulated Bottle,365,6995.418101
GGOEGAQB036013,Google Women's Fleece Hoodie,144,6975.517459
GGOEGAAQ010414,Google Men's 100% Cotton Short Sleeve Hero Tee White,421,6632.335146
GGOEGOAQ020099,Four Color Retractable Pen,2342,6586.495961
GGOEGCBC074299,Google Device Stand,1335,6502.931034
GGOEGBCR024399,Google Lunch Bag,493,6416.195819
GGOEGOAR021999,Color Changing Grip Pen,4497,6264.253911
GGOEGEFR024199,Metal Earbuds with Small Zipper Case,609,6208.861084
GGOEGOAC021799,Ballpoint Pen Blue,6512,6152.339575
GGOEGBFC018799,Electronics Accessory Pouch,1256,6118.012719
GGOEAHPJ074410,Android Twill Cap,606,6056.667772
GGOEGAQB036014,Google Women's Fleece Hoodie,121,5887.562464
GGOEGETB023799,Google Power Bank,131,5822.312167
GGOEGOCB078299,Google Leather Journal-Black,310,5781.348783
GGOEADWQ015699,Android Rise 14 oz Mug,469,5780.998212
GGOEGOCD078199,Google Leather Journal-Brown,271,5759.776845
GGOEGAWQ062953,Google Baby Essentials Set,197,5724.000629
GGOEADHH073999,Android 17oz Stainless Steel Sport Bottle,331,5582.524491
GGOEGAEB084514,BLM Sweatshirt,148,5571.786663
GGOEGAAB010516,Google Men's 100% Cotton Short Sleeve Hero Tee Black,336,5518.994763
GGOEGEVB070599,Google G Noise-reducing Bluetooth Headphones,40,5402.437178
GGOEGESC014099,Rocket Flashlight,1097,5377.858001
GGOEGAAL010615,Google Men's 100% Cotton Short Sleeve Hero Tee Navy,336,5275.404105
GGOEYFKQ020699,YouTube Custom Decals,2533,5259.847279
GGOEGDHC015299,23 oz Wide Mouth Sport Bottle,551,5254.217391
GGOEGOAA017199,Rubber Grip Ballpoint Pen 4 Pack,1186,5227.82783
GGOEGAAQ010413,Google Men's 100% Cotton Short Sleeve Hero Tee White,316,5200.874788
GGOEGAAQ010416,Google Men's 100% Cotton Short Sleeve Hero Tee White,327,5162.136738
GGOEYDHJ056099,22 oz YouTube Bottle Infuser,1144,4913.930585
GGOEGCBQ016499,SPF-15 Slim & Slender Lip Balm,2338,4839.093285
GGOEGGCX056299,Gift Card - $25.00,178,4810.833294
GGOEGDHB072099,Google Insulated Stainless Steel Bottle,245,4581.075139
GGOEGOAB021699,Google Ballpoint Pen Black,2309,4502.770562
GGOEGFQB013799,Compact Selfie Stick,580,4459.287444
GGOEGBJC014399,Google Tote Bag,501,4444.753055
GGOEGHPJ080310,Google Blackout Cap,298,4434.868115
GGOEGAEB084515,BLM Sweatshirt,120,4423.466663
GGOEGAAR010715,Google Men's 100% Cotton Short Sleeve Hero Tee Red,268,4404.810465
GGOEGDHG014499,Google Infuser-Top Water Bottle,453,4375.020386
GGOEGBRB073899,Google Laptop Tech Backpack,93,4219.477368
GGOEGBMB073799,Google Zipper-front Sports Bag,232,4026.046405
GGOEGAWQ062949,Google Baby Essentials Set,142,3994.136815
GGOEADHH055999,22 oz Android Bottle,1408,3988.434254
GGOEGETR014599,Google Power Bank,259,3963.368838
GGOEGADB056915,Google Men's Performance Full Zip Jacket Black,48,3772.563184
GGOEAFKQ020499,8 pc Android Sticker Sheet,1987,3771.804204
GGOEYAFB073115,YouTube Men's Fleece Hoodie Black,78,3739.921002
GGOEYAFB073114,YouTube Men's Fleece Hoodie Black,77,3677.980131
GGOEGEVB071799,Google Pocket Bluetooth Speaker,161,3676.65694
GGOEGADJ056814,Google Men's Watershed Full Zip Hoodie Grey,48,3590.029267
GGOEGHPA002910,Google Trucker Hat,155,3525.902121
GGOEGEHQ071199,"Google High Capacity 10,400mAh Charger",64,3508.930524
GGOEGADJ056815,Google Men's Watershed Full Zip Hoodie Grey,49,3472.314377
GGOEGADB059615,Google Men's Quilted Insulated Vest Black,54,3470.556436
GGOEGOBC078699,Google Luggage Tag,461,3435.884735
GGOEGAEJ031315,Google Tri-blend Hoodie Grey,93,3405.465721
GGOEGAAL010614,Google Men's 100% Cotton Short Sleeve Hero Tee Navy,210,3403.018542
GGOEGFKQ020799,Google Doodle Decal,1096,3340.289339
GGOEGOAB012999,Ballpoint Pen & Matching Tube Case,784,3330.564344
GGOEGBPB021199,Google Slim Utility Travel Bag,269,3328.258289
GGOEGEHQ072499,Google 2200mAh Micro Charger,168,3278.025623
GGOEGAAB033815,Google Men's Vintage Badge Tee Black,254,3272.949418
GGOEGDHG082499,Google 25 oz Clear Stainless Steel Bottle,275,3251.229753
GGOEGFAQ016699,Bottle Opener Clip,960,3240.23074
GGOEGAQB036015,Google Women's Fleece Hoodie,68,3229.818775
GGOEGOAB016099,Leather and Metal Ballpoint Pen,245,3223.516288
GGOEGBMC056599,Waterproof Gear Bag,56,3211.231425
GGOEGDHC082299,Google 25 oz Blue Stainless Steel Bottle,260,3210.951722
GGOEGEVA022399,Micro Wireless Earbud,83,3209.585964
GGOEGCVB072399,Google Executive Umbrella,114,3208.630703
GGOEYOCR078099,YouTube Spiral Journal with Pen,438,3192.52079
GGOEGEHQ024099,Clip-on Compact Charger,169,3181.341885
GGOEGEVB070899,Google Bongo Cupholder Bluetooth Speaker,63,3156.958285
GGOEGOBG023599,Colored Pencil Set,1087,3155.739495
GGOEGCMB020932,Suitcase Organizer Cubes,185,3104.682495
GGOEGAEJ031314,Google Tri-blend Hoodie Grey,83,3102.21006
GGOEGAEB084513,BLM Sweatshirt,82,3024.979998
GGOEGOCC077299,Google RFID Journal,258,2959.837551
GGOEGHPA003010,Google Wool Heather Cap Heather/Navy,122,2939.804238
GGOEGAAL010616,Google Men's 100% Cotton Short Sleeve Hero Tee Navy,179,2913.42144
GGOEGOAB015899,Rainbow Stylus Pen,1889,2894.400007
GGOEGAAB010517,Google Men's 100% Cotton Short Sleeve Hero Tee Black,171,2850.544194
GGOEGCBB074199,Google Car Clip Phone Holder,416,2849.47216
GGOEGBRD079699,25L Classic Rucksack,31,2849.250856
GGOEYHPA003510,YouTube Trucker Hat,142,2843.366155
GGOEGGCX056199,Gift Card- $100.00,26,2758.333333
GGOEGADB057315,Google Men's Lightweight Microfleece Jacket Black,41,2752.022682
GGOEGOAQ015999,Gel Roller Pen,836,2751.679553
GGOEGOAR021899,Retractable Ballpoint Pen Red,2252,2723.463728
GGOEGGCX056499,Gift Card - $50.00,51,2699.833331
GGOEGAEQ027914,Google Women's Short Sleeve Hero Tee White,169,2683.830291
GGOEGCLB020832,Softsided Travel Pouch Set,254,2649.959796
GGOEAOCH014199,Android Journal Book Set,335,2644.755651
GGOEGADJ059715,Google Men's Quilted Insulated Vest Battleship Grey,54,2644.544665
GGOEGDHB072199,Google Accent Insulated Stainless Steel Bottle,113,2641.661119
GGOEGAEB084516,BLM Sweatshirt,72,2638.996664
GGOEGOCR078499,Google Spiral Leather Journal,201,2619.017855
GGOEGATB060414,Google Women's Quilted Insulated Vest Black,40,2609.530949
GGOEGHPL003214,Google Stretch Fit Hat M/L Navy,148,2589.652409
GGOEGAEQ027913,Google Women's Short Sleeve Hero Tee White,164,2588.742141
GGOEAFKQ020599,Android Sticker Sheet Ultra Removable,862,2573.836338
GGOEGAAJ080615,Google Men's Bike Short Sleeve Tee Charcoal,132,2515.398347
GGOEAAWQ063053,Android Baby Esssentials Set,103,2482.65
GGOEGDHC017999,24 oz USA Made Aluminum Bottle,285,2466.147982
GGOEGADB056715,Men's Softshell Jacket Black/Grey,29,2461.119521
GGOEGOAC016199,Executive Twist Ballpoint Pen,279,2453.680643
GGOEGAEL031116,Google Men's Heavyweight Long Sleeve Hero Tee Navy,61,2409.823332
GGOEGAEL031113,Google Men's Heavyweight Long Sleeve Hero Tee Navy,60,2389.999999
GGOEGAAR010716,Google Men's 100% Cotton Short Sleeve Hero Tee Red,143,2380.191928
GGOEAAWQ063048,Android Baby Esssentials Set,97,2365.93
GGOEADHB014799,Android Glass Water Bottle with Black Sleeve,195,2349.650509
GGOEYOBR078599,YouTube Luggage Tag,260,2331.649081
GGOEADHJ015599,Android 24 oz Contigo Bottle,136,2308.888091
GGOEGEVA022399,Micro Wireless Earbuds,62,2301.797696
GGOEGADJ056816,Google Men's Watershed Full Zip Hoodie Grey,29,2295.68833
GGOEGHPB003410,Google Snapback Hat Black,116,2269.778408
GGOEGAAJ080614,Google Men's Bike Short Sleeve Tee Charcoal,119,2262.30062
GGOEYAFB073113,YouTube Men's Fleece Hoodie Black,47,2238.788699
GGOEGOCD078399,Google Leather Perforated Journal,140,2229.458766
GGOEGADB057316,Google Men's Lightweight Microfleece Jacket Black,33,2216.81969
GGOEGBJB022599,Large Zipper Top Tote Bag,74,2205.5561
GGOEGBMB073599,Google Collapsible Duffel Black,107,2189.766545
GGOEGAEC033114,Google Men's Long Sleeve Raglan Ocean Blue,101,2179.329674
GGOEGAAR010714,Google Men's 100% Cotton Short Sleeve Hero Tee Red,135,2178.311085
GGOEGBRB079599,25L Classic Rucksack,23,2156.393338
GGOEGADJ059714,Google Men's Quilted Insulated Vest Battleship Grey,41,2137.420841
GGOEGAEQ027915,Google Women's Short Sleeve Hero Tee White,138,2127.468127
GGOEGOAJ021599,Gunmetal Roller Ball Pen,271,2118.640741
GGOEGEVR014999,UFO Bluetooth Water Resistant Speaker,61,2106.306666
GGOEGAFJ036215,Google Men's Pullover Hoodie Grey,45,2099.546665
GGOEGFKA022299,Keyboard DOT Sticker,1338,2083.443579
GGOEGADB056714,Men's Softshell Jacket Black/Grey,25,2072.17619
GGOEGOCC017699,Compact Journal with Recycled Pages,649,2055.994258
GGOEADHH015499,Android 24 oz Contigo Bottle,121,2054.961169
GGOEYAQB073214,YouTube Women's Fleece Hoodie Black,49,2035.91563
GGOEYOLR080599,YouTube Notebook and Pen Set,381,2019.167154
GGOEYAAJ032514,YouTube Men's Short Sleeve Hero Tee Charcoal,111,2005.343204
GGOEGADB059614,Google Men's Quilted Insulated Vest Black,31,2004.227335
GGOEYAAJ032515,YouTube Men's Short Sleeve Hero Tee Charcoal,111,2002.102777
GGOEGAEL031115,Google Men's Heavyweight Long Sleeve Hero Tee Navy,50,1956.0
GGOEGADB056716,Men's Softshell Jacket Black/Grey,22,1950.832379
GGOEGAWN062748,Google Infant Zip Hood Pink,61,1949.219995
GGOEGKAA019299,Switch Tone Color Crayon Pen,1031,1944.137649
GGOEGAAJ032315,Google Men's Short Sleeve Hero Tee Charcoal,116,1930.865173
GGOEGDHC022999,Insulated Bottle,96,1897.130125
GGOEGAAB033814,Google Men's Vintage Badge Tee Black,140,1895.365632
GGOEGESB015199,Google Flashlight,37,1862.396481
GGOEGESB015099,Basecamp Explorer Powerbank Flashlight,108,1849.276615
GGOEGEHQ072599,Google 4400mAh Power Bank,56,1847.470841
GGOEGAFJ036214,Google Men's Pullover Hoodie Grey,39,1846.0973
GGOEGAEC033115,Google Men's Long Sleeve Raglan Ocean Blue,85,1833.114108
GGOEGAPB058214,Google Women's Lightweight Microfleece Jacket,29,1829.445713
GGOEGOAB021499,Metal Texture Roller Pen,135,1823.075319
GGOEGADB059616,Google Men's Quilted Insulated Vest Black,28,1814.37526
GGOEGOLC014299,Blue Metallic Textured Spiral Notebook Set,358,1805.297377
GGOEGDHJ023099,Insulated Bottle,92,1800.29874
GGOEGALJ073314,Google Women's Short Sleeve Hero Tee Heather,95,1791.538887
GGOEGADB056914,Google Men's Performance Full Zip Jacket Black,19,1784.026666
GGOEGEVJ023999,Aria Bluetooth Speaker,22,1780.825453
GGOEGDHB071999,Google 40 oz Insulated Monster Bottle,55,1756.466188
GGOEAAFB035914,Android Men's  Zip Hoodie,33,1744.331617
GGOEGAAB010513,Google Men's 100% Cotton Short Sleeve Hero Tee Black,110,1738.408277
GGOEGESC014699,Aluminum Handy Emergency Flashlight,117,1728.905596
GGOEGATB060413,Google Women's Quilted Insulated Vest Black,27,1726.159731
GGOEGEVB070699,Google Bluetooth Speaker-Power Bank,23,1687.965904
GGOEGAEB084517,BLM Sweatshirt,45,1683.833332
GGOEGAFB035817,Google Men's  Zip Hoodie,33,1668.683579
GGOEGAAQ010417,Google Men's 100% Cotton Short Sleeve Hero Tee White,101,1668.089867
GGOEGOAB022499,Satin Black Ballpoint Pen,97,1657.080034
GGOEGAEJ031316,Google Tri-blend Hoodie Grey,43,1654.052572
GGOEGAEL031114,Google Men's Heavyweight Long Sleeve Hero Tee Navy,41,1643.19
GGOEGAWC062848,Google Infant Zip Hood Royal Blue,48,1600.205711
GGOEGAPB057813,Women's Performance Full Zip Jacket Black,18,1570.797776
GGOEAOCH077899,Android Spiral Journal with Pen,210,1553.388451
GGOEGBMC073699,Google Collapsible Duffel Blue,74,1552.691534
GGOEGADB057314,Google Men's Lightweight Microfleece Jacket Black,24,1548.373636
GGOEGHPL003113,Google Stretch Fit Hat S/M Navy,76,1533.602725
GGOEGAPJ058014,Google Women's 1/4 Zip Jacket Charcoal,17,1525.82501
GGOEAAFB035915,Android Men's  Zip Hoodie,30,1523.949388
GGOEGAAJ032615,Google Men's Short Sleeve Badge Tee Charcoal,90,1514.09756
GGOEGADJ057115,Google Men's Performance 1/4 Zip Pullover Heather/Black,17,1502.916664
GGOEGOAR013599,Ballpoint Stylus Pen,327,1484.941462
GGOEGAAB033816,Google Men's Vintage Badge Tee Black,105,1484.320927
GGOEAAWQ063049,Android Baby Esssentials Set,59,1478.726666
GGOEGBRC021399,Yoga Mat Blue,92,1472.953617
GGOEGAWC062849,Google Infant Zip Hood Royal Blue,48,1469.292037
GGOEGAPB058613,Google Women's Yoga Jacket Black,23,1461.679491
GGOEGADJ057114,Google Men's Performance 1/4 Zip Pullover Heather/Black,21,1439.951266
GGOEGHPB080410,Google 5-Panel Snapback Cap,86,1428.17537
GGOEGAAJ032614,Google Men's Short Sleeve Badge Tee Charcoal,81,1419.442701
GGOEYOCR077399,YouTube RFID Journal,203,1416.914976
GGOEAOBH078799,Android Luggage Tag,157,1411.933338
GGOEYHPA003610,YouTube Wool Heather Cap Heather/Black,61,1399.332096
GGOEYAQB073213,YouTube Women's Fleece Hoodie Black,31,1392.011028
GGOEGAWH061348,Google Onesie Green,66,1388.471695
GGOEGAUB058314,Google Women's Performance Polo Grey/Black,22,1386.0925
GGOEGADB056916,Google Men's Performance Full Zip Jacket Black,17,1371.73476
GGOEGAQB036016,Google Women's Fleece Hoodie,28,1368.616425
GGOEGAPJ058013,Google Women's 1/4 Zip Jacket Charcoal,15,1359.401009
GGOEGAPB058213,Google Women's Lightweight Microfleece Jacket,22,1354.98952
GGOEGAEJ031313,Google Tri-blend Hoodie Grey,38,1352.999868
GGOEGAAJ032314,Google Men's Short Sleeve Hero Tee Charcoal,78,1349.787463
GGOEGAWN062750,Google Infant Zip Hood Pink,45,1348.128845
GGOEGAPB057814,Women's Performance Full Zip Jacket Black,15,1343.603678
GGOEGDHC018299,22 oz Mini Mountain Bottle,496,1340.623184
GGOEGAAB058914,Google Men's Short Sleeve Performance Badge Tee Black,72,1340.357715
GGOEGADB056615,Men's Weatherblock Shell Jacket Black,19,1332.421534
GGOEWEBB082699,Waze Mobile Phone Vent Mount,161,1316.890895
GGOEGADB056614,Men's Weatherblock Shell Jacket Black,23,1315.446535
GGOEGAEB027814,Google Women's Short Sleeve Hero Tee Black,81,1302.812206
GGOEAAQB036114,Android Women's Fleece Hoodie,28,1296.025602
GGOEGADJ057116,Google Men's Performance 1/4 Zip Pullover Heather/Black,15,1273.743332
GGOEGAWN062749,Google Infant Zip Hood Pink,43,1261.054847
GGOEYAFB073116,YouTube Men's Fleece Hoodie Black,25,1248.296666
GGOEGPJR018999,7&quot; Dog Frisbee,841,1225.170101
GGOEGBPB082099,UpCycled Handlebar Bag,25,1219.748601
GGOEGATB060614,Google Women's Convertible Vest-Jacket Black,19,1213.389999
GGOEGADJ056813,Google Men's Watershed Full Zip Hoodie Grey,19,1208.641281
GGOEYAAB031814,YouTube Men's Short Sleeve Hero Tee Black,66,1208.216214
GGOEGAER029714,Google Women's Short Sleeve Hero Tee Red Heather,67,1199.053129
GGOEGAEL031117,Google Men's Heavyweight Long Sleeve Hero Tee Navy,30,1186.192857
GGOEGAPB058215,Google Women's Lightweight Microfleece Jacket,19,1185.314761
GGOEYAAB031815,YouTube Men's Short Sleeve Hero Tee Black,66,1182.068565
GGOEGPJC019099,7&quot; Dog Frisbee,786,1174.667777
GGOEGAAJ073415,Google Men's Short Sleeve Hero Tee Heather,62,1148.396664
GGOEAHPA004110,Android Wool Heather Cap Heather/Black,62,1145.824933
GGOEGAEJ035314,Google Vintage Henley Grey/Black,40,1144.850501
GGOEGALQ034214,Google Women's Vintage Hero Tee White,70,1140.793054
GGOEYAAJ032513,YouTube Men's Short Sleeve Hero Tee Charcoal,62,1138.246149
GGOEYAWJ061448,YouTube Onesie Heather,53,1131.433318
GGOEGAEB027815,Google Women's Short Sleeve Hero Tee Black,71,1127.562949
GGOEGAFJ036216,Google Men's Pullover Hoodie Grey,24,1122.24023
GGOEGADB056616,Men's Weatherblock Shell Jacket Black,17,1119.447725
GGOEGADJ056817,Google Men's Watershed Full Zip Hoodie Grey,13,1111.908888
GGOEYAQB073215,YouTube Women's Fleece Hoodie Black,26,1089.887575
GGOEGAEC033113,Google Men's Long Sleeve Raglan Ocean Blue,49,1083.747296
GGOEYAYR068625,YouTube Youth Short Sleeve Tee Red,54,1080.255982
GGOEGAUB058315,Google Women's Performance Polo Grey/Black,17,1071.1425
GGOEGCNB021099,Seat Pack Organizer,103,1063.262677
GGOEGAAB033817,Google Men's Vintage Badge Tee Black,76,1058.682223
GGOEGAAL010613,Google Men's 100% Cotton Short Sleeve Hero Tee Navy,64,1055.647602
GGOEGAAB058915,Google Men's Short Sleeve Performance Badge Tee Black,58,1053.159433
GGOEGADJ059814,Google Men's Convertible Vest-Jacket Pewter,15,1044.663333
GGOEGARJ058413,Google Women's Yoga Pants,14,1044.442935
GGOEGDHA018899,Stadium Cups-Sets of 4,250,1040.050984
GGOEGATC060314,Google Women's 1/4 Zip Performance Pullover Two-Tone Blue,21,1038.812186
GGOEGFPR113699,16 oz. Hot/Cold Tumbler,108,1030.017096
GGOEGPJC203399,Crunch Noise Dog Toy,212,1025.489735
GGOEGBPB081999,UpCycled Bike Saddle Bag,25,1024.587994
GGOEADHH082399,Android 25 oz Green Apple Stainless Steel Bottle,91,1021.519428
GGOEGGCX056399,Gift Card - $250.00,4,1020.5
GGOEGATB060213,Google Women's 1/4 Zip Performance Pullover Black,22,1013.051989
GGOEAAEJ033414,Android Men's Long Sleeve Badge Crew Tee Heather,36,1009.686666
GGOEGADC059515,Google Men's Microfiber 1/4 Zip Pullover Blue/Indigo,17,1008.396846
GGOEGADB059613,Google Men's Quilted Insulated Vest Black,16,1002.935812
GGOEGAPB058614,Google Women's Yoga Jacket Black,15,1000.238888
GGOEGADJ059415,Google Men's Microfiber 1/4 Zip Pullover Grey/Black,15,993.870943
GGOEGAAJ073414,Google Men's Short Sleeve Hero Tee Heather,55,990.18023
GGOEGAAJ032616,Google Men's Short Sleeve Badge Tee Charcoal,56,981.304865
GGOEGAER029713,Google Women's Short Sleeve Hero Tee Red Heather,56,970.357651
GGOEGAEC029114,Google Women's Short Sleeve Hero Tee Sky Blue,58,964.82653
GGOEGAPB057815,Women's Performance Full Zip Jacket Black,12,954.586059
GGOEYAEJ029514,YouTube Women's Short Sleeve Tri-blend Badge Tee Charcoal,71,953.963332
GGOEGAWC061249,Google Onesie Royal Blue,52,939.731513
GGOEGAAJ080616,Google Men's Bike Short Sleeve Tee Charcoal,47,929.812599
GGOEGAEC033116,Google Men's Long Sleeve Raglan Ocean Blue,43,927.618911
GGOEGAAJ080613,Google Men's Bike Short Sleeve Tee Charcoal,49,923.264108
GGOEGESQ016799,Plastic Sliding Flashlight,157,910.937497
GGOEGAWC061248,Google Onesie Royal Blue,44,909.604443
GGOEGALQ034213,Google Women's Vintage Hero Tee White,55,909.170849
GGOEGAEA030414,Google Womens 3/4 Sleeve Baseball Raglan Heather/Black,50,908.940682
GGOEGATH060714,Google Women's Convertible Vest-Jacket Sea Foam Green,12,905.179047
GGOEGEHB071499,Google PowerKit,13,900.621281
GGOEGAWR061148,Google Onesie Red,41,890.249904
GGOEGAAR010713,Google Men's 100% Cotton Short Sleeve Hero Tee Red,54,882.694014
GGOEGATJ060513,Google Women's Quilted Insulated Vest White,18,878.862305
GGOEYAYR068624,YouTube Youth Short Sleeve Tee Red,48,878.28384
GGOEGAER035514,Google Men's Vintage Tank,48,875.503731
GGOEGADC059314,Google Men's Airflow 1/4 Zip Pullover Lapis,15,875.462086
GGOEGAEC029115,Google Women's Short Sleeve Hero Tee Sky Blue,50,871.846778
GGOEAAXJ066228,Android Toddler Short Sleeve T-shirt Pewter,52,868.945472
GGOEGAEE031014,Google Heavyweight Long Sleeve Hero Tee Burgundy,23,862.758093
GGOEGADB059214,Google Men's Airflow 1/4 Zip Pullover Black,19,853.386527
GGOEGAWH061353,Google Onesie Green,40,846.108332
GGOEGAAJ032715,Google Men's Skater Tee Grey,53,845.119842
GGOEGAEB027813,Google Women's Short Sleeve Hero Tee Black,55,845.048003
GGOEAAFB035913,Android Men's  Zip Hoodie,16,844.60119
GGOEGAAB058916,Google Men's Short Sleeve Performance Badge Tee Black,44,843.476825
GGOEGAAJ032316,Google Men's Short Sleeve Hero Tee Charcoal,50,835.054601
GGOEYAAB034615,YouTube Men's Vintage Tee,51,824.564882
GGOEAAYC068756,Android Youth Short Sleeve T-shirt Aqua,51,824.099083
GGOEGAUB058313,Google Women's Performance Polo Grey/Black,13,819.1825
GGOEGFYQ016599,Koozie Can Kooler,491,816.90796
GGOEGATB060613,Google Women's Convertible Vest-Jacket Black,15,815.928484
GGOEYAAB031813,YouTube Men's Short Sleeve Hero Tee Black,45,815.301078
GGOEGBRJ037399,Mistral Rucksack,14,804.63647
GGOEGBRP037599,Yoga Mat Purple,35,803.630423
GGOEGAAJ032714,Google Men's Skater Tee Grey,47,803.316852
GGOEGOCR017899,Eco-Aware Recycled Journal Combo,221,801.989998
GGOEWAEA083899,Waze Dress Socks,92,790.469284
GGOEGAYB068025,Google Youth Baseball Raglan Heather/Black,35,788.742475
GGOEYAAJ032516,YouTube Men's Short Sleeve Hero Tee Charcoal,44,787.254528
GGOEGAFJ036213,Google Men's Pullover Hoodie Grey,17,785.722421
GGOEGATB060615,Google Women's Convertible Vest-Jacket Black,11,785.371665
GGOEGAEL031113,Google Heavyweight Long Sleeve Hero Tee Navy,20,776.153786
GGOEGEVB071299,Digital Lightshow Smart Speaker and Notification Center,8,771.690237
GGOEGEDQ023899,4-in-1 Carabiner Charger,31,770.289548
GGOEGAEL031114,Google Heavyweight Long Sleeve Hero Tee Navy,21,768.653635
GGOEGAAL010617,Google Men's 100% Cotton Short Sleeve Hero Tee Navy,46,764.284928
GGOEGADB059215,Google Men's Airflow 1/4 Zip Pullover Black,17,763.046904
GGOEGAEE031013,Google Heavyweight Long Sleeve Hero Tee Burgundy,21,761.474705
GGOEGALL060013,Google Women's Short Sleeve Performance Tee Navy,46,761.141365
GGOEAAWT061748,Android Onesie Gold,32,758.695076
GGOEGAXC065629,Google Toddler Hoodie Royal Blue,23,754.503331
GGOEGATC060313,Google Women's 1/4 Zip Performance Pullover Two-Tone Blue,16,751.983038
GGOEGAQB036017,Google Women's Fleece Hoodie,15,746.845237
GGOEGADC059315,Google Men's Airflow 1/4 Zip Pullover Lapis,17,745.10423
GGOEAAWH061553,Android Onesie Sprout Green,40,736.905555
GGOEGATH060713,Google Women's Convertible Vest-Jacket Sea Foam Green,11,736.336904
GGOEAAXN066330,Android Toddler Short Sleeve T-shirt Pink,49,730.547119
GGOEGAYC068356,Google Youth Short Sleeve T-shirt Royal Blue,40,728.734523
GGOEGAHB057415,Google Men's Performance Polo Grey/Black,9,728.226666
GGOEGAAH034015,Google Men's Vintage Badge Tee Sage,74,727.042604
GGOEGAAJ073413,Google Men's Short Sleeve Hero Tee Heather,38,725.500948
GGOEGAEJ035313,Google Vintage Henley Grey/Black,25,725.117529
GGOEGAWC062850,Google Infant Zip Hood Royal Blue,23,723.77714
GGOEGATB060415,Google Women's Quilted Insulated Vest Black,11,721.802337
GGOEGAAJ059114,Google Men's Short Sleeve Performance Badge Tee Pewter,47,721.64503
GGOEGAYB068026,Google Youth Baseball Raglan Heather/Black,31,721.405076
GGOEGBMC056599,Waterpoof Gear Bag,10,716.399999
GGOEGAAH034015,Google Men's Vintage Badge Tee Green,49,709.95682
GGOEGDHR018499,22 oz Mini Mountain Bottle,275,709.792059
GGOEYAYR068626,YouTube Youth Short Sleeve Tee Red,37,702.337094
GGOEGAFJ036216,Google Men's Pullover Hoodie,16,702.073332
GGOEGADB057313,Google Men's Lightweight Microfleece Jacket Black,10,699.392857
GGOEAAAC080914,Android Lifted Men's Short Sleeve Tee Blue,35,696.438845
GGOEGAAL059015,Google Men's Short Sleeve Performance Badge Tee Navy,36,695.243494
GGOEGAYQ068956,Google Youth Girl Hoodie,21,693.949087
GGOEGAUB058316,Google Women's Performance Polo Grey/Black,11,693.2025
GGOEGADB056913,Google Men's Performance Full Zip Jacket Black,8,691.777142
GGOEGALB036514,Google Women's Scoop Neck Tee Black,62,690.711057
GGOEGAEL031115,Google Heavyweight Long Sleeve Hero Tee Navy,19,689.459997
GGOEGAPB057513,Women's Weatherblock Shell Jacket Black,10,685.585151
GGOEAAXN066355,Android Toddler Short Sleeve T-shirt Pink,43,684.261411
GGOEGBRJ037299,Oasis Backpack,8,680.586666
GGOEAAXN066328,Android Toddler Short Sleeve T-shirt Pink,43,679.627184
GGOEGFPR113699,16 oz. Hot and Cold Tumbler,71,675.263733
GGOEGAYR023499,Straw Beach Mat,75,674.312394
GGOEGAYQ068924,Google Youth Girl Hoodie,20,673.307002
GGOEAAAB034914,Android BTTF Moonshot Graphic Tee,36,673.114576
GGOEGAEJ033315,Google Men's Long Sleeve Pullover Badge Tee Heather,21,671.387542
GGOEGAAH034014,Google Men's Vintage Badge Tee Sage,70,669.73531
GGOEGAAQ033915,Google Men's Vintage Badge Tee White,62,669.422227
GGOEGAAJ032815,Google Men's Skater Tee Charcoal,47,667.0923
GGOEGAWR061048,Google Onesie Red/Graphite,28,666.07952
GGOEGAPB058615,Google Women's Yoga Jacket Black,9,657.805714
GGOEGAHB057417,Google Men's Performance Polo Grey/Black,8,655.719999
GGOEGEHQ024099,PowerClip Lightning Charger,12,655.346666
GGOEWFKA083199,Waze Mood Original Window Decal,262,654.517683
GGOEGAER035515,Google Men's Vintage Tank,41,653.993011
GGOEAAAB034915,Android BTTF Moonshot Graphic Tee,36,649.799162
GGOEGAEJ031317,Google Tri-blend Hoodie Grey,17,645.600453
GGOEGAYQ069025,Google Youth Short Sleeve Tee White,34,644.229215
GGOEYAQB073216,YouTube Women's Fleece Hoodie Black,14,641.36212
GGOEGAPB058212,Google Women's Lightweight Microfleece Jacket,10,640.805554
GGOEGOGA016299,Grip Highlighter Pen 3 Pack,167,638.952806
GGOEYAAB031816,YouTube Men's Short Sleeve Hero Tee Black,33,636.391427
GGOEAAAB034815,Android BTTF Cosmos Graphic Tee,33,635.846188
GGOEGAEA030413,Google Womens 3/4 Sleeve Baseball Raglan Heather/Black,34,629.718749
GGOEGALB034113,Google Women's Vintage Hero Tee Black,55,629.026978
GGOEGALB034114,Google Women's Vintage Hero Tee Black,60,625.44788
GGOEGAAB033813,Google Men's Vintage Badge Tee Black,44,624.742686
GGOEYAEB035615,YouTube Men's Vintage Tank,47,623.691425
GGOEGAAJ032814,Google Men's Skater Tee Charcoal,39,623.219871
GGOEAAEJ030913,Android Women's Long Sleeve Blended Cardigan Grey,26,622.487572
GGOEYAFB073117,YouTube Men's Fleece Hoodie Black,13,621.53
GGOEAAAJ032414,Android Men's Short Sleeve Tri-blend Hero Tee Grey,38,621.457324
GGOEGAEQ027916,Google Women's Short Sleeve Hero Tee White,39,613.936249
GGOEGALJ036414,Google Women's Tee Grey,31,612.735509
GGOEGPXC023299,Google Collapsible Pet Bowl,129,612.31615
GGOEGALL060014,Google Women's Short Sleeve Performance Tee Navy,36,611.145888
GGOEGALP034314,Google Women's Vintage Hero Tee Lavender,44,610.962678
GGOEGAHB057416,Google Men's Performance Polo Grey/Black,8,609.204614
GGOEGALP034313,Google Women's Vintage Hero Tee Lavender,44,606.945709
GGOEGADB059216,Google Men's Airflow 1/4 Zip Pullover Black,12,605.58
GGOEGAFJ036214,Google Men's Pullover Hoodie,13,602.64051
GGOEADHH015499,Android 24 oz Contigo Addison,31,600.273333
GGOEADHJ015599,Android 24 oz Contigo Addison,31,600.273333
GGOEGAEB027816,Google Women's Short Sleeve Hero Tee Black,37,598.756524
GGOEGAXC065630,Google Toddler Hoodie Royal Blue,18,597.187856
GGOEGAEJ035315,Google Vintage Henley Grey/Black,21,596.082856
GGOEGAEE031015,Google Heavyweight Long Sleeve Hero Tee Burgundy,16,593.256666
GGOEAAAB034814,Android BTTF Cosmos Graphic Tee,29,587.56238
GGOEGAAR010717,Google Men's 100% Cotton Short Sleeve Hero Tee Red,34,586.535485
GGOEGAAJ073015,Google Men's Performance Hero Tee Gunmetal,34,586.492116
GGOEGAAJ080715,Google Men's Around The Block Short Sleeve Tee Ash,39,580.300579
GGOEGAEB031514,Google 3/4 Sleeve Raglan Badge Henley Black,24,578.464247
GGOEYAAB031817,YouTube Men's Short Sleeve Hero Tee Black,30,577.766664
GGOEAHPJ004314,Android Stretch Fit Hat M/L,33,576.711977
GGOEGATB060417,Google Women's Quilted Insulated Vest Black,8,575.266428
GGOEYAWJ061450,YouTube Onesie Heather,25,573.845289
GGOEGAEC029113,Google Women's Short Sleeve Hero Tee Sky Blue,32,572.377022
GGOEGAAQ033914,Google Men's Vintage Badge Tee White,53,571.411334
GGOEGAER029715,Google Women's Short Sleeve Hero Tee Red Heather,33,570.878019
GGOEGAQJ058714,Google Women's Zip Hoodie Grey,5,567.735714
GGOEGALB059915,Google Women's Short Sleeve Performance Tee Black,35,563.777651
GGOEGAYC068326,Google Youth Short Sleeve T-shirt Royal Blue,30,560.683331
GGOEGAAJ057015,Google Men's Short Sleeve Performance Badge Tee Charcoal,26,558.705773
GGOEGAEJ033314,Google Men's Long Sleeve Pullover Badge Tee Heather,16,556.038212
GGOEGADJ059414,Google Men's Microfiber 1/4 Zip Pullover Grey/Black,8,551.741428
GGOEYAWJ061453,YouTube Onesie Heather,25,551.261065
GGOEGALB059913,Google Women's Short Sleeve Performance Tee Black,32,551.018256
GGOEAAAJ032415,Android Men's Short Sleeve Tri-blend Hero Tee Grey,36,549.816529
GGOEGAAL059014,Google Men's Short Sleeve Performance Badge Tee Navy,30,549.718496
GGOEGAAH034016,Google Men's Vintage Badge Tee Sage,57,549.475942
GGOEAAXC066429,Android Toddler Short Sleeve T-shirt Aqua,40,547.083331
GGOEGAYR068256,Google Youth Short Sleeve Tee Red,30,546.627209
GGOEGEFQ071399,Google Phone Sanitizer,6,542.652986
GGOEGAAC035015,Google Men's Bayside Graphic Tee,29,542.131648
GGOEGAPL058514,Google Women's Insulated Thermal Vest Navy,5,540.116666
GGOEAAQB036115,Android Women's Fleece Hoodie,10,536.726189
GGOEGAEA030415,Google Womens 3/4 Sleeve Baseball Raglan Heather/Black,30,536.423826
GGOEAAXJ066230,Android Toddler Short Sleeve T-shirt Pewter,32,535.039595
GGOEGAWR061149,Google Onesie Red,24,532.421902
GGOEYAEJ029513,YouTube Women's Short Sleeve Tri-blend Badge Tee Charcoal,41,530.387776
GGOEYAAB034614,YouTube Men's Vintage Tee,32,526.913333
GGOEGADJ059416,Google Men's Microfiber 1/4 Zip Pullover Grey/Black,8,524.22
GGOEYAAQ031714,YouTube Men's Short Sleeve Hero Tee White,31,523.480474
GGOEGAAJ059115,Google Men's Short Sleeve Performance Badge Tee Pewter,36,521.014078
GGOEGAEL031116,Google Heavyweight Long Sleeve Hero Tee Navy,14,520.034241
GGOEAAAB034916,Android BTTF Moonshot Graphic Tee,28,516.242437
GGOEYAYR068656,YouTube Youth Short Sleeve Tee Red,26,513.925329
GGOEGAYQ068925,Google Youth Girl Hoodie,15,513.479838
GGOEGALB059914,Google Women's Short Sleeve Performance Tee Black,30,510.634793
GGOEGADB056713,Men's Softshell Jacket Black/Grey,6,508.723333
GGOEGAYR068225,Google Youth Short Sleeve Tee Red,27,508.11706
GGOEGAYQ068926,Google Youth Girl Hoodie,15,502.906752
GGOEGAYC068324,Google Youth Short Sleeve T-shirt Royal Blue,28,502.269999
GGOEGALQ034214,Google Women's Hero V-Neck Tee White,34,501.501888
GGOEAAEJ030915,Android Women's Long Sleeve Blended Cardigan Grey,20,498.618411
GGOEGALQ034215,Google Women's Vintage Hero Tee White,30,498.598351
GGOEGAFJ036217,Google Men's Pullover Hoodie Grey,10,497.400555
GGOEAAAJ031915,Android Men's Short Sleeve Hero Tee Heather,56,497.351226
GGOEGAEA030416,Google Womens 3/4 Sleeve Baseball Raglan Heather/Black,26,496.038611
GGOEGAAL059016,Google Men's Short Sleeve Performance Badge Tee Navy,26,494.838331
GGOEYAAQ031715,YouTube Men's Short Sleeve Hero Tee White,30,493.34333
GGOEAAYC068725,Android Youth Short Sleeve T-shirt Aqua,31,491.756984
GGOEGHPL003315,Google Stretch Fit Hat L/XL Navy,25,491.462346
GGOEYAAJ032517,YouTube Men's Short Sleeve Hero Tee Charcoal,28,491.003332
GGOEGAAJ073416,Google Men's Short Sleeve Hero Tee Heather,28,489.904846
GGOEAAXN066329,Android Toddler Short Sleeve T-shirt Pink,35,488.858007
GGOEAAEJ030914,Android Women's Long Sleeve Blended Cardigan Grey,21,488.626275
GGOEGPXR023199,Google Collapsible Pet Bowl,96,488.532952
GGOEGAPB057816,Women's Performance Full Zip Jacket Black,7,485.829999
GGOEYAEJ033515,YouTube Men's Long Sleeve Pullover Badge Tee Heather,15,482.138887
GGOEGAFJ036215,Google Men's Pullover Hoodie,10,481.877777
GGOEGAAB058913,Google Men's Short Sleeve Performance Badge Tee Black,26,481.876504
GGOEGAYR068226,Google Youth Short Sleeve Tee Red,26,480.781227
GGOEGALJ057914,Google Women's Short Sleeve Performance Tee Charcoal,14,479.399828
GGOEGATB060416,Google Women's Quilted Insulated Vest Black,7,478.548686
GGOEGADB057318,Google Men's Lightweight Microfleece Jacket Black,7,477.096666
GGOEGADJ059716,Google Men's Quilted Insulated Vest Battleship Grey,8,466.195
GGOEGAAJ032617,Google Men's Short Sleeve Badge Tee Charcoal,27,465.606189
GGOEGAEJ030714,Google Men's 3/4 Sleeve Raglan Henley Grey,19,464.516682
GGOEAAQB036113,Android Women's Fleece Hoodie,9,464.169523
GGOEYAEB035614,YouTube Men's Vintage Tank,26,464.166955
GGOEYAEJ029515,YouTube Women's Short Sleeve Tri-blend Badge Tee Charcoal,40,461.674444
GGOEGAWC061250,Google Onesie Royal Blue,26,459.823333
GGOEYAEA035114,YouTube Men's Vintage Henley,19,458.145287
GGOEGAXQ067129,Google Toddler Short Sleeve Tee White,28,457.895489
GGOEGAPB058216,Google Women's Lightweight Microfleece Jacket,7,457.58476
GGOEYAXR066155,You Tube Toddler Short Sleeve Tee Red,26,454.287156
GGOEGAYB068024,Google Youth Baseball Raglan Heather/Black,21,453.009442
GGOEGAFJ036213,Google Men's Pullover Hoodie,9,452.06238
GGOEGALP034316,Google Women's Vintage Hero Tee Lavender,33,449.225827
GGOEGAWC061253,Google Onesie Royal Blue,22,449.044241
GGOEGADC059316,Google Men's Airflow 1/4 Zip Pullover Lapis,9,447.000475
GGOEGAXL065928,Google Toddler Raglan Shirt Blue Heather/Navy,20,446.809441
GGOEAAYJ068856,Android Youth Short Sleeve T-shirt Pewter,24,445.43153
GGOEGATB060616,Google Women's Convertible Vest-Jacket Black,5,442.966666
GGOEGAAJ032816,Google Men's Long & Lean Tee Charcoal,85,442.741769
GGOEAAAB034816,Android BTTF Cosmos Graphic Tee,23,442.508487
GGOEGAYQ069026,Google Youth Short Sleeve Tee White,23,442.025553
GGOEGALP036314,Google Women's Long Sleeve Tee Lavender,24,440.519757
GGOEGAXC065255,Google Toddler Short Sleeve T-shirt Royal Blue,27,437.909576
GGOEGCBC016999,Google Pet Feeding Mat,84,436.367216
GGOEGADB056617,Men's Weatherblock Shell Jacket Black,6,432.916363
GGOEGAAC035014,Google Men's Bayside Graphic Tee,23,431.832215
GGOEGAER035513,Google Men's Vintage Tank,25,430.421828
GGOEAAYJ068826,Android Youth Short Sleeve T-shirt Pewter,23,429.911225
GGOEAAWH061548,Android Onesie Sprout Green,24,428.493332
GGOEAAAB081015,Android Men's Outerstellar Short Sleeve Tee Black,23,427.562764
GGOEGAAQ033916,Google Men's Vintage Badge Tee White,44,427.536445
GGOEGAAJ080617,Google Men's Bike Short Sleeve Tee Charcoal,22,427.181959
GGOEYAEJ029013,YouTube Women's Short Sleeve Hero Tee Charcoal,23,424.346188
GGOEAAWT061753,Android Onesie Gold,19,423.976666
GGOEGAYB068056,Google Youth Baseball Raglan Heather/Black,20,423.69413
GGOEAAEJ033415,Android Men's Long Sleeve Badge Crew Tee Heather,23,423.628871
GGOEGAEC033115,Google Long Sleeve Raglan Badge Henley Ocean Blue,19,422.843333
GGOEGAAJ073417,Google Men's Short Sleeve Hero Tee Heather,23,421.686664
GGOEGBJC019999,Latitudes Foldaway Shopper,98,421.535437
GGOEGADB056918,Google Men's Performance Full Zip Jacket Black,4,421.41
GGOEGADC059514,Google Men's Microfiber 1/4 Zip Pullover Blue/Indigo,8,419.115896
GGOEACCQ017299,Android Lunch Kit,28,417.485282
GGOEGAEB028615,Google Women's Short Sleeve V-Neck Tee Black,25,417.207689
GGOEGATB060214,Google Women's 1/4 Zip Performance Pullover Black,10,415.529523
GGOEGAAB058915,Google Men's Performance Badge Tee Black,23,414.47
GGOEGADB056917,Google Men's Performance Full Zip Jacket Black,5,413.26
GGOEGADB059217,Google Men's Airflow 1/4 Zip Pullover Black,8,412.237575
GGOEGADB059617,Google Men's Quilted Insulated Vest Black,6,408.262711
GGOEAAWC061653,Android Onesie Baby Blue,22,400.049047
GGOEGALL074615,Google Women's Short Sleeve Badge Tee Navy,34,399.68833
GGOEGAEC033114,Google Long Sleeve Raglan Badge Henley Ocean Blue,18,399.524975
GGOEGBJR018199,Chevron Shopper,132,399.128967
GGOEAAAJ031914,Android Men's Short Sleeve Hero Tee Heather,40,399.004829
GGOEAAAJ032416,Android Men's Short Sleeve Tri-blend Hero Tee Grey,24,398.47349
GGOEGAYH068424,Google Youth Short Sleeve T-shirt Green,27,397.61348
GGOEGAEB031515,Google 3/4 Sleeve Raglan Badge Henley Black,16,391.092744
GGOEGAXC065628,Google Toddler Hoodie Royal Blue,12,384.654104
GGOEGADJ057118,Google Men's Performance 1/4 Zip Pullover Heather/Black,4,383.60035
GGOEGAYR068224,Google Youth Short Sleeve Tee Red,21,379.668945
GGOEGADB056613,Men's Weatherblock Shell Jacket Black,6,378.51
GGOEYAEA030514,YouTube Womens 3/4 Sleeve Baseball Raglan White/Black,21,378.504284
GGOEYAEJ033514,YouTube Men's Long Sleeve Pullover Badge Tee Heather,11,377.906665
GGOEGKAA019299,Pop-a-Point Crayon,229,377.805511
GGOEGAEJ029913,Google Women's V-Neck Tee Charcoal,21,377.038624
GGOEAAXC066430,Android Toddler Short Sleeve T-shirt Aqua,29,376.220783
GGOEGAWR061153,Google Onesie Red,16,375.351109
GGOEGAEJ029914,Google Women's V-Neck Tee Charcoal,24,374.03805
GGOEGAPB057812,Women's Performance Full Zip Jacket Black,5,371.5
GGOEGAAB058916,Google Men's Performance Badge Tee Black,21,371.39
GGOEGAPC058813,Google Women's Shell Jacket Blue/Black,4,370.817142
GGOEAAAC080916,Android Lifted Men's Short Sleeve Tee Blue,19,368.704544
GGOEGALB036513,Google Women's Scoop Neck Tee Black,31,368.497682
GGOEGAWH061349,Google Onesie Green,18,366.774285
GGOEGAYC068325,Google Youth Short Sleeve T-shirt Royal Blue,21,365.54714
GGOEGAAJ032613,Google Men's Short Sleeve Badge Tee Charcoal,21,364.939319
GGOEGAHB057414,Google Men's Performance Polo Grey/Black,4,364.762197
GGOEGAAJ073016,Google Men's Performance Hero Tee Gunmetal,22,364.693892
GGOEAAYJ068824,Android Youth Short Sleeve T-shirt Pewter,20,364.234847
GGOEGAEB028614,Google Women's Short Sleeve V-Neck Tee Black,22,363.938728
GGOEGALL074614,Google Women's Short Sleeve Badge Tee Navy,31,363.817398
GGOEYAAQ031713,YouTube Men's Short Sleeve Hero Tee White,20,362.122221
GGOEGAXR065155,Google Toddler Short Sleeve Tee Red,22,361.365513
GGOEGAAQ033913,Google Men's Vintage Badge Tee White,25,360.692366
GGOEGAXJ065728,Google Toddler 1/4 Zip Fleece Pewter,11,360.175604
GGOEGALP034315,Google Women's Vintage Hero Tee Lavender,27,359.457391
GGOEGALJ036413,Google Women's Tee Grey,17,359.006522
GGOEGATJ060516,Google Women's Quilted Insulated Vest White,6,358.07857
GGOEYAWJ061449,YouTube Onesie Heather,16,357.267449
GGOEGAPB057817,Women's Performance Full Zip Jacket Black,4,355.293333
GGOEAAAB081014,Android Men's Outerstellar Short Sleeve Tee Black,18,354.142618
GGOEAAEH035214,Android Men's Vintage Henley,17,353.799812
GGOEGAEB031513,Google 3/4 Sleeve Raglan Badge Henley Black,13,350.272019
GGOEGATJ060515,Google Women's Quilted Insulated Vest White,8,348.215714
GGOEGAXC065655,Google Toddler Hoodie Royal Blue,10,345.191483
GGOEGAYQ069024,Google Youth Short Sleeve Tee White,18,344.806903
GGOEAAXJ066255,Android Toddler Short Sleeve T-shirt Pewter,22,344.620698
GGOEAAXJ066229,Android Toddler Short Sleeve T-shirt Pewter,21,344.273332
GGOEGATJ060514,Google Women's Quilted Insulated Vest White,6,343.884442
GGOEGAPB058217,Google Women's Lightweight Microfleece Jacket,5,342.516433
GGOEYAEA035115,YouTube Men's Vintage Henley,15,342.11505
GGOEGALP034313,Google Women's Short Sleeve V-Neck Tee Lavender,22,341.644739
GGOEGAXQ067155,Google Toddler Short Sleeve Tee White,21,340.376598
GGOEGATB060215,Google Women's 1/4 Zip Performance Pullover Black,7,337.660555
GGOEGAWQ062248,Google Infant Short Sleeve Tee White,21,336.590432
GGOEGALJ036415,Google Women's Tee Grey,17,334.128854
GGOEGADB056618,Men's Weatherblock Shell Jacket Black,5,332.21
GGOEGAEC029114,Google Women's Short Sleeve Shirt Blue,19,331.437774
GGOEGAEJ033316,Google Men's Long Sleeve Pullover Badge Tee Heather,10,330.051258
GGOEGCBB074399,Google Device Holder Sticky Pad,68,328.853103
GGOEGAAJ032317,Google Men's Short Sleeve Hero Tee Charcoal,20,328.281029
GGOEYAAB034616,YouTube Men's Vintage Tee,19,327.493332
GGOEGAAC032115,Google Men's Short Sleeve Hero Tee Light Blue,19,327.24333
GGOEAAAJ080815,Android Men's Engineer Short Sleeve Tee Charcoal,16,326.830276
GGOEGAPB058612,Google Women's Yoga Jacket Black,6,326.77
GGOEGADB057317,Google Men's Lightweight Microfleece Jacket Black,5,326.249999
GGOEGADB059618,Google Men's Quilted Insulated Vest Black,5,325.683332
GGOEYAEJ029014,YouTube Women's Short Sleeve Hero Tee Charcoal,18,324.791859
GGOEGALP036315,Google Women's Long Sleeve Tee Lavender,17,322.666057
GGOEGACB023699,Yoga Block,30,321.791345
GGOEYAEJ029015,YouTube Women's Short Sleeve Hero Tee Charcoal,20,321.074242
GGOEGOAR021899,PaperMate Ink Joy Retractable Pen,275,321.067459
GGOEAAYC068724,Android Youth Short Sleeve T-shirt Aqua,20,320.520886
GGOEGAXL065955,Google Toddler Raglan Shirt Blue Heather/Navy,15,320.172576
GGOEGAEJ030814,Google Women's Long Sleeve Blended Cardigan Charcoal,13,319.823478
GGOEYAEB028414,Women's YouTube Short Sleeve Hero Tee Black,19,317.193332
GGOEYAEA035113,YouTube Men's Vintage Henley,13,316.993649
GGOEGAPL058513,Google Women's Insulated Thermal Vest Navy,3,316.969999
GGOEGAEJ035316,Google Vintage Henley Grey/Black,12,315.268888
GGOEGAUB058312,Google Women's Performance Polo Grey/Black,5,315.2625
GGOEGAEC033117,Google Men's Long Sleeve Raglan Ocean Blue,14,314.26
GGOEGAXL065929,Google Toddler Raglan Shirt Blue Heather/Navy,15,313.321354
GGOEYAAB034613,YouTube Men's Vintage Tee,17,313.28
GGOEGAPJ058016,Google Women's 1/4 Zip Jacket Charcoal,4,310.07
GGOEGAAJ032814,Google Men's Long & Lean Tee Charcoal,54,309.607424
GGOEGCGB022199,Fashion Sunglasses & Pouch,64,309.15438
GGOEAAFB035917,Android Men's  Zip Hoodie,6,308.403635
GGOEAAAL081114,Android Men's Pep Rally Short Sleeve Tee Navy,23,308.346813
GGOEGAAJ032313,Google Men's Short Sleeve Hero Tee Charcoal,18,307.950431
GGOEAAAJ080814,Android Men's Engineer Short Sleeve Tee Charcoal,15,305.307737
GGOEGALB036515,Google Women's Scoop Neck Tee Black,30,304.443408
GGOEGADJ057113,Google Men's Performance 1/4 Zip Pullover Heather/Black,4,301.703332
GGOEAAEJ030916,Android Women's Long Sleeve Blended Cardigan Grey,12,301.694761
GGOEGAAH034016,Google Men's Vintage Badge Tee Green,20,300.939681
GGOEGAYT068524,Google Youth Short Sleeve T-shirt Yellow,21,300.325625
GGOEAAAQ032015,Android Men's Short Sleeve Hero Tee White,18,299.331362
GGOEGADJ059815,Google Men's Convertible Vest-Jacket Pewter,4,298.873333
GGOEGOCC017699,Compact Eco Journal,105,298.575
GGOEYAXR066129,You Tube Toddler Short Sleeve Tee Red,19,297.060048
GGOEAAAB034813,Android BTTF Cosmos Graphic Tee,15,296.635714
GGOEAAAJ031916,Android Men's Short Sleeve Hero Tee Heather,41,296.248887
GGOEAHPJ004415,Android Stretch Fit Hat L/XL,15,296.142499
GGOEYAEB035616,YouTube Men's Vintage Tank,23,295.113621
GGOEGALQ034216,Google Women's Vintage Hero Tee White,16,294.790316
GGOEGADJ059413,Google Men's Microfiber 1/4 Zip Pullover Grey/Black,4,293.043332
GGOEYAEA030513,YouTube Womens 3/4 Sleeve Baseball Raglan White/Black,14,291.709815
GGOEGAEJ028014,Google Women's Short Sleeve Hero Tee Grey,38,289.050294
GGOEGALQ036614,Google Women's Scoop Neck Tee White,25,289.040271
GGOEGAAJ032815,Google Men's Long & Lean Tee Charcoal,53,288.159409
GGOEGAAJ059116,Google Men's Short Sleeve Performance Badge Tee Pewter,17,287.410712
GGOEGALQ034213,Google Women's Hero V-Neck Tee White,18,287.21843
GGOEGAAJ057014,Google Men's Short Sleeve Performance Badge Tee Charcoal,8,287.17
GGOEGAAB058917,Google Men's Short Sleeve Performance Badge Tee Black,14,286.811267
GGOEGAXQ067128,Google Toddler Short Sleeve Tee White,18,286.08944
GGOEYAAJ033015,YouTube Men's Skater Tee Charcoal,20,286.033332
GGOEAAEB031215,Android Heavyweight Long Sleeve Badge Tee Black,7,282.422856
GGOEGAXQ067130,Google Toddler Short Sleeve Tee White,18,281.567996
GGOEGAEB028613,Google Women's Short Sleeve V-Neck Tee Black,16,280.62095
GGOEAAAB034817,Android BTTF Cosmos Graphic Tee,14,279.817142
GGOEGALB034115,Google Women's Vintage Hero Tee Black,39,279.730163
GGOEWFKA082999,Waze Baby on Board Window Decal,81,279.206788
GGOEAAAC080917,Android Lifted Men's Short Sleeve Tee Blue,14,279.18456
GGOEYAEJ033513,YouTube Men's Long Sleeve Pullover Badge Tee Heather,8,279.111666
GGOEGALL074616,Google Women's Short Sleeve Badge Tee Navy,26,278.898626
GGOEAAWT061749,Android Onesie Gold,13,278.195395
GGOEGAER029716,Google Women's Short Sleeve Hero Tee Red Heather,16,277.513409
GGOEAAAB034917,Android BTTF Moonshot Graphic Tee,14,274.825175
GGOEGAYQ069056,Google Youth Short Sleeve Tee White,15,272.623503
GGOEA0CH077599,Android Hard Cover Journal,20,271.976666
GGOEYAEB035613,YouTube Men's Vintage Tank,18,270.925711
GGOEAAAQ032014,Android Men's Short Sleeve Hero Tee White,15,270.283331
GGOEGAAJ057016,Google Men's Short Sleeve Performance Badge Tee Charcoal,11,270.103938
GGOEAAAH083314,Android Men's Paradise Short Sleeve Tee Olive,15,267.883331
GGOEGAXJ065528,Google Toddler Short Sleeve T-shirt Grey,23,267.089674
GGOEGALB034114,Google Women's Vintage T-Shirt Black,19,267.053322
GGOEGAAH034014,Google Men's Vintage Badge Tee Green,17,266.760249
GGOEAAAL081115,Android Men's Pep Rally Short Sleeve Tee Navy,21,265.740535
GGOEAAEB031214,Android Heavyweight Long Sleeve Badge Tee Black,7,265.146666
GGOEGARJ058414,Google Women's Yoga Pants,3,264.63923
GGOEGAEE031016,Google Heavyweight Long Sleeve Hero Tee Burgundy,7,263.596666
GGOEAAEJ035714,Android Men's Vintage Tank,20,262.43838
GGOEGAYL068125,Google Youth Sports Tee Navy,14,262.30725
GGOEGAAJ032713,Google Men's Skater Tee Grey,17,259.263332
GGOEGAER029213,Google Women's Short Sleeve Badge Tee Red Heather,14,257.504442
GGOEGAAH034017,Google Men's Vintage Badge Tee Green,17,256.988823
GGOEGAAJ032716,Google Men's Skater Tee Grey,18,255.968287
GGOEGAER035516,Google Men's Vintage Tank,16,255.487141
GGOEGAEC033113,Google Long Sleeve Raglan Badge Henley Ocean Blue,11,254.27647
GGOEGAQJ058716,Google Women's Zip Hoodie Grey,2,253.801428
GGOEAAEJ033413,Android Men's Long Sleeve Badge Crew Tee Heather,13,251.654284
GGOEGAYH067925,Google Youth Girl Tee Green,14,251.493332
GGOEAAAQ032013,Android Men's Short Sleeve Hero Tee White,21,251.091611
GGOEGALL060015,Google Women's Short Sleeve Performance Tee Navy,15,250.922794
GGOEAAWC061648,Android Onesie Baby Blue,12,250.513331
GGOEGALP034317,Google Women's Vintage Hero Tee Lavender,19,250.129097
GGOEGAAJ059113,Google Men's Short Sleeve Performance Badge Tee Pewter,15,249.045941
GGOEAAFB035916,Android Men's  Zip Hoodie,5,248.733333
GGOEGADJ059717,Google Men's Quilted Insulated Vest Battleship Grey,5,248.546969
GGOEGOCC017599,Eco-Aware Large Recycled Journal Combo,72,248.413332
GGOEGAAJ032816,Google Men's Skater Tee Charcoal,19,247.656824
GGOEGAEJ028013,Google Women's Short Sleeve Hero Tee Grey,32,246.189172
GGOEYAAJ033014,YouTube Men's Skater Tee Charcoal,16,244.080151
GGOEYAEA035116,YouTube Men's Vintage Henley,9,242.936666
GGOEGOAQ020099,Quatro Retractable Pen,96,242.414731
GGOEGAPB057517,Women's Weatherblock Shell Jacket Black,4,240.002142
GGOEGADC059516,Google Men's Microfiber 1/4 Zip Pullover Blue/Indigo,4,238.775789
GGOEAAWC061649,Android Onesie Baby Blue,14,238.659999
GGOEGALJ073313,Google Women's Short Sleeve Hero Tee Heather,14,238.215553
GGOEGADJ059713,Google Men's Quilted Insulated Vest Battleship Grey,5,238.16
GGOEGHPJ080010,Google French Terry Cap,13,237.317725
GGOEGALQ036615,Google Women's Scoop Neck Tee White,20,236.905907
GGOEGAWR061154,Google Onesie Red,10,236.3
GGOEGAXC065228,Google Toddler Short Sleeve T-shirt Royal Blue,14,236.099046
GGOEGALJ057913,Google Women's Short Sleeve Performance Tee Charcoal,6,235.566666
GGOEGALQ036613,Google Women's Scoop Neck Tee White,20,235.223888
GGOEGEGQ024299,Grip Kit Cable Organizer,14,234.711281
GGOEGAAC035016,Google Men's Bayside Graphic Tee,13,233.534839
GGOEAAAP081214,Android Men's Take Charge Short Sleeve Tee Purple,20,233.439935
GGOEGAXJ065555,Google Toddler Short Sleeve T-shirt Grey,20,230.680178
GGOEAAAJ034515,Android Men's Vintage Tee,13,230.014695
GGOEAOCB077499,Android RFID Journal,19,229.867665
GGOEGAAH075914,Google Adult Tee Fruit Games Pineapple,9,229.493333
GGOEGADJ059718,Google Men's Quilted Insulated Vest Battleship Grey,4,227.126666
GGOEGALB034113,Google Women's Vintage T-Shirt Black,15,227.058797
GGOEYAAQ031716,YouTube Men's Short Sleeve Hero Tee White,13,226.958888
GGOEGAQJ058713,Google Women's Zip Hoodie Grey,2,226.53
GGOEGATC060315,Google Women's 1/4 Zip Performance Pullover Two-Tone Blue,6,225.136969
GGOEYAEJ033516,YouTube Men's Long Sleeve Pullover Badge Tee Heather,6,223.523333
GGOEGAEJ030715,Google Men's 3/4 Sleeve Raglan Henley Grey,9,222.725774
GGOEGAXC065230,Google Toddler Short Sleeve T-shirt Royal Blue,15,221.785351
GGOEAAAJ032413,Android Men's Short Sleeve Tri-blend Hero Tee Grey,16,221.633333
GGOEGAAJ080716,Google Men's Around The Block Short Sleeve Tee Ash,15,221.356073
GGOEGALB034115,Google Women's Vintage T-Shirt Black,15,219.534015
GGOEAAAJ031913,Android Men's Short Sleeve Hero Tee Heather,25,217.905682
GGOEGAAJ057013,Google Men's Short Sleeve Performance Badge Tee Charcoal,9,217.682986
GGOEGAAJ073014,Google Men's Performance Hero Tee Gunmetal,11,216.558972
GGOEGAAQ033917,Google Men's Vintage Badge Tee White,22,214.934999
GGOEAAEJ035715,Android Men's Vintage Tank,15,214.902716
GGOEGPJC203399,Crunch-It Dog Toy,40,213.420324
GGOEGAWH061354,Google Onesie Green,12,210.38
GGOEWFKA083299,Waze Mood Ninja Window Decal,65,208.834394
GGOEGADB056717,Men's Softshell Jacket Black/Grey,2,207.68
GGOEGAEC029116,Google Women's Short Sleeve Hero Tee Sky Blue,11,207.153887
GGOEGAWQ062250,Google Infant Short Sleeve Tee White,12,207.106573
GGOEGAER033214,Google Men's Long Sleeve Raglan Cranberry,9,206.061514
GGOEGAAJ032813,Google Men's Skater Tee Charcoal,12,205.776824
GGOEGAYH067924,Google Youth Girl Tee Green,12,205.19818
GGOEGAWR061150,Google Onesie Red,9,204.932221
GGOEGAEJ030813,Google Women's Long Sleeve Blended Cardigan Charcoal,10,204.716665
GGOEGALB034117,Google Women's Vintage Hero Tee Black,23,204.488076
GGOEGAAC032114,Google Men's Short Sleeve Hero Tee Light Blue,11,202.272577
GGOEGAPB057615,Google Women's Softshell Jacket Black/Grey,2,201.88
GGOEGAYH068425,Google Youth Short Sleeve T-shirt Green,15,201.42587
GGOEGAEC029113,Google Women's Short Sleeve Shirt Blue,12,200.970382
GGOEAAAH083315,Android Men's Paradise Short Sleeve Tee Olive,11,200.768204
GGOEGAYT068525,Google Youth Short Sleeve T-shirt Yellow,15,200.704923
GGOEYAQB073217,YouTube Women's Fleece Hoodie Black,5,200.63909
GGOEGOLC013299,Blue Keeper Notebook Set with Flap,37,198.681108
GGOEGAPL058512,Google Women's Insulated Thermal Vest Navy,2,197.98
GGOEGAEJ030716,Google Men's 3/4 Sleeve Raglan Henley Grey,8,197.532743
GGOEGAEJ028113,Google Women's Short Sleeve Badge Tee Grey,17,197.524234
GGOEGAEJ033313,Google Men's Long Sleeve Pullover Badge Tee Heather,6,197.50818
GGOEGAYH067956,Google Youth Girl Tee Green,12,196.796665
GGOEGAEJ030815,Google Women's Long Sleeve Blended Cardigan Charcoal,8,196.44857
GGOEAAAB034913,Android BTTF Moonshot Graphic Tee,11,195.586427
GGOEGAXJ065730,Google Toddler 1/4 Zip Fleece Pewter,6,193.874614
GGOEGAPB057515,Women's Weatherblock Shell Jacket Black,3,193.791666
GGOEAAAC080915,Android Lifted Men's Short Sleeve Tee Blue,11,191.740979
GGOEGAYH068456,Google Youth Short Sleeve T-shirt Green,16,191.590583
GGOEGAEB028616,Google Women's Short Sleeve V-Neck Tee Black,11,191.223331
GGOEGAPC058814,Google Women's Shell Jacket Blue/Black,3,190.885151
GGOEGAUB058317,Google Women's Performance Polo Grey/Black,3,189.2825
GGOEGAEC033116,Google Long Sleeve Raglan Badge Henley Ocean Blue,8,189.241969
GGOEAAAJ080816,Android Men's Engineer Short Sleeve Tee Charcoal,10,188.791071
GGOEGAYL068126,Google Youth Sports Tee Navy,9,188.451666
GGOEGAXL065930,Google Toddler Raglan Shirt Blue Heather/Navy,9,187.750402
GGOEGAEJ028513,Google  Women's Muscle Tee,10,187.715017
GGOEWAAJ082815,Waze Men's Short Sleeve Tee,10,187.349998
GGOEGAXR065128,Google Toddler Short Sleeve Tee Red,12,187.13238
GGOEGALP036317,Google Women's Long Sleeve Tee Lavender,9,187.13
GGOEAAEB031216,Android Heavyweight Long Sleeve Badge Tee Black,5,186.25
GGOEGAAJ073017,Google Men's Performance Hero Tee Gunmetal,10,185.237307
GGOEGALL060016,Google Women's Short Sleeve Performance Tee Navy,11,184.133031
GGOEGBRA037499,Deluge Waterproof Backpack,2,184.091111
GGOEAAEB031615,Android Men's 3/4 Sleeve Raglan Henley Black,7,183.263333
GGOEAAWJ062549,Android Infant Short Sleeve Tee Pewter,12,181.840782
GGOEGALB059916,Google Women's Short Sleeve Performance Tee Black,11,181.534318
GGOEGALJ034413,Google Women's Vintage Hero Tee Platinum,15,179.95515
GGOEAAXC066428,Android Toddler Short Sleeve T-shirt Aqua,13,179.536665
GGOEGAAQ057215,Google Men's Colorblock Tee White/Heather,5,178.449999
GGOEGAAJ080714,Google Men's Around The Block Short Sleeve Tee Ash,9,178.365951
GGOEGAPJ058015,Google Women's 1/4 Zip Jacket Charcoal,2,177.646666
GGOEGADJ057117,Google Men's Performance 1/4 Zip Pullover Heather/Black,2,176.646666
GGOEGAXJ065529,Google Toddler Short Sleeve T-shirt Grey,14,175.596318
GGOEAAEH035215,Android Men's Vintage Henley,9,174.908382
GGOEGALJ073315,Google Women's Short Sleeve Hero Tee Heather,9,174.476666
GGOEGADB059213,Google Men's Airflow 1/4 Zip Pullover Black,3,173.788181
GGOEYAXR066128,You Tube Toddler Short Sleeve Tee Red,11,173.545624
GGOEGALP036313,Google Women's Long Sleeve Tee Lavender,10,173.339999
GGOEGAPB057613,Google Women's Softshell Jacket Black/Grey,2,173.08
GGOEGAEJ035317,Google Vintage Henley Grey/Black,6,173.049523
GGOEAAAL081116,Android Men's Pep Rally Short Sleeve Tee Navy,12,171.676968
GGOEGBJC076099,Google Canvas Tote Fruit Games Lemon,9,171.299285
GGOEGAXJ065729,Google Toddler 1/4 Zip Fleece Pewter,5,171.172222
GGOEAAFB035914,Android Men's Zip Hoodie,3,170.97
GGOEAAAP081215,Android Men's Take Charge Short Sleeve Tee Purple,12,170.093721
GGOEGAAJ032715,Google Men's Long & Lean Tee Grey,17,169.928686
GGOEGAYH067926,Google Youth Girl Tee Green,10,168.966666
GGOEGAPB057514,Women's Weatherblock Shell Jacket Black,3,168.945475
GGOEGAWR061053,Google Onesie Red/Graphite,8,168.03111
GGOEAHPJ004213,Android Stretch Fit Hat S/M,11,167.296665
GGOEGAEB031516,Google 3/4 Sleeve Raglan Badge Henley Black,7,166.816077
GGOEGALQ034217,Google Women's Vintage Hero Tee White,9,166.780237
GGOEGAWR061049,Google Onesie Red/Graphite,8,166.776996
GGOEYAEJ029614,YouTube Women's Short Sleeve Tri-blend Badge Tee Grey,11,165.253728
GGOEGALP036316,Google Women's Long Sleeve Tee Lavender,8,165.155555
GGOEAAAJ031917,Android Men's Short Sleeve Hero Tee Heather,18,164.603331
GGOEGAEJ028015,Google Women's Short Sleeve Hero Tee Grey,26,163.145882
GGOEGAWQ062249,Google Infant Short Sleeve Tee White,10,163.0
GGOEGAEJ028114,Google Women's Short Sleeve Badge Tee Grey,15,162.162472
GGOEAAEJ030917,Android Women's Long Sleeve Blended Cardigan Grey,6,161.823333
GGOEGALH036715,Google Women's Scoop Neck Tee Green,9,161.76
GGOEGATH060715,Google Women's Convertible Vest-Jacket Sea Foam Green,2,161.379999
GGOEGAAC035013,Google Men's Bayside Graphic Tee,9,158.320713
GGOEGALP034314,Google Women's Short Sleeve V-Neck Tee Lavender,10,158.161902
GGOEGAFB035816,Google Men's Zip Hoodie,3,157.77
GGOEGAAH034013,Google Men's Vintage Badge Tee Sage,10,157.691666
GGOEYAWR062348,YouTube Infant Short Sleeve Tee Red,10,157.599999
GGOEGAAL059013,Google Men's Short Sleeve Performance Badge Tee Navy,9,157.486666
GGOEAAEB031614,Android Men's 3/4 Sleeve Raglan Henley Black,6,156.752452
GGOEGAEL031117,Google Heavyweight Long Sleeve Hero Tee Navy,4,156.121904
GGOEGFSR022099,Kick Ball,92,155.63844
GGOEWAAJ082816,Waze Men's Short Sleeve Tee,7,155.496666
GGOEGAAQ057216,Google Men's Colorblock Tee White/Heather,4,154.626666
GGOEGATB060617,Google Women's Convertible Vest-Jacket Black,4,154.525554
GGOEGAWH061350,Google Onesie Green,8,153.748636
GGOEAAXC066455,Android Toddler Short Sleeve T-shirt Aqua,11,153.484443
GGOEGAEJ028813,Google Women's Short Sleeve Shirt Light Grey,8,153.42
GGOEGAAC032113,Google Men's Short Sleeve Hero Tee Light Blue,9,153.01
GGOEYAXR066130,You Tube Toddler Short Sleeve Tee Red,9,152.307687
GGOEGAXR065130,Google Toddler Short Sleeve Tee Red,10,151.549999
GGOEGCBN016899,Google Pet Feeding Mat,27,150.081915
GGOEAAAL081117,Android Men's Pep Rally Short Sleeve Tee Navy,10,148.57222
GGOEGAYL068156,Google Youth Sports Tee Navy,7,148.12487
GGOEGAXJ065755,Google Toddler 1/4 Zip Fleece Pewter,4,148.109999
GGOEGAAL059017,Google Men's Short Sleeve Performance Badge Tee Navy,7,147.572307
GGOEGAAH034017,Google Men's Vintage Badge Tee Sage,15,147.442853
GGOEGAHB057413,Google Men's Performance Polo Grey/Black,2,146.78
GGOEGAWR061850,Google Infant Short Sleeve Tee Red,9,146.665226
GGOEGALB034116,Google Women's Vintage T-Shirt Black,10,146.177777
GGOEGADJ059813,Google Men's Convertible Vest-Jacket Pewter,2,146.12
GGOEGAEJ028913,Google Women's Short Sleeve Shirt Dark Grey,8,145.200951
GGOEWCKQ085457,Waze Pack of 9 Decal Set,8,142.319999
GGOEGALP034316,Google Women's Short Sleeve V-Neck Tee Lavender,9,140.758014
GGOEGAAH075913,Google Adult Tee Fruit Games Pineapple,5,140.730555
GGOEGAEJ028914,Google Women's Short Sleeve Shirt Dark Grey,8,140.725194
GGOEGALB036516,Google Women's Scoop Neck Tee Black,12,140.519564
GGOEGKWQ060910,Google Bib White,12,139.946664
GGOEGALH036714,Google Women's Scoop Neck Tee Green,8,139.753333
GGOEGALL060017,Google Women's Short Sleeve Performance Tee Navy,7,139.259166
GGOEGATJ060513,Google Women's Quilted Insulated Vest Pewter,2,139.23
GGOEGALB034116,Google Women's Vintage Hero Tee Black,17,139.084636
GGOEAAEJ033416,Android Men's Long Sleeve Badge Crew Tee Heather,5,139.05
GGOEGAYL068124,Google Youth Sports Tee Navy,7,138.475885
GGOEGAFJ036217,Google Men's Pullover Hoodie,3,137.836666
GGOEGAXR065129,Google Toddler Short Sleeve Tee Red,9,137.211586
GGOEAAAB034915,Android BTTF Moonshot Shirt,9,137.102857
GGOEAAYJ068825,Android Youth Short Sleeve T-shirt Pewter,8,136.611666
GGOEGADC059517,Google Men's Microfiber 1/4 Zip Pullover Blue/Indigo,3,136.205294
GGOEAAAJ034514,Android Men's Vintage Tee,9,133.005453
GGOEGAEE031014,Google Men's Heavyweight Long Sleeve Hero Tee Burgundy,4,132.126666
GGOEGALB034117,Google Women's Vintage T-Shirt Black,9,131.687777
GGOEYAAB034617,YouTube Men's Vintage Tee,8,131.32
GGOEGAPB057516,Women's Weatherblock Shell Jacket Black,2,130.6175
GGOEAAAP081213,Android Men's Take Charge Short Sleeve Tee Purple,11,130.208943
GGOEGAWR061849,Google Infant Short Sleeve Tee Red,8,128.553149
GGOEGAXH065355,Google Toddler Short Sleeve T-shirt Green,9,127.561817
GGOEGAWR061848,Google Infant Short Sleeve Tee Red,8,126.664444
GGOEAAAP081216,Android Men's Take Charge Short Sleeve Tee Purple,11,126.052347
GGOEGAEJ028016,Google Women's Short Sleeve Hero Tee Grey,13,125.693979
GGOEYAEB028413,Women's YouTube Short Sleeve Hero Tee Black,6,125.14
GGOEGAAQ057214,Google Men's Colorblock Tee White/Heather,3,124.284285
GGOEYAEJ029014,YouTube Women's Short Sleeve Crew Tee,8,123.456506
GGOEGAWC062150,Google Infant Short Sleeve Tee Cornflower Blue,8,122.747777
GGOEGAER029717,Google Women's Short Sleeve Hero Tee Red Heather,7,122.572947
GGOEGAUC057713,Google Women's Performance Golf Polo Blue,3,121.22857
GGOEAAAJ032915,Android Men's Long & Lean Badge Tee Charcoal,20,121.213402
GGOEGBMJ013399,Google Sports Bag,24,120.885
GGOEGAEJ033314,Google Men's Long Sleeve Pullover Crew Tee Heather,4,120.637488
GGOEAAEJ035713,Android Men's Vintage Tank,7,120.445237
GGOEAAWJ062548,Android Infant Short Sleeve Tee Pewter,7,119.53
GGOEGAXT065429,Google Toddler Short Sleeve T-shirt Yellow,8,118.612856
GGOEGAER033213,Google Men's Long Sleeve Raglan Cranberry,5,118.158333
GGOEAAAB034914,Android BTTF Moonshot Shirt,7,117.939523
GGOEGAAB058918,Google Men's Short Sleeve Performance Badge Tee Black,6,117.278679
GGOEGAAJ032817,Google Men's Long & Lean Tee Charcoal,21,116.346676
GGOEWFKA083099,Waze Mood Happy Window Decal,33,116.141791
GGOEAAEJ028213,Android Women's Short Sleeve Badge Tee Dark Heather,8,115.016666
GGOEAAEH035213,Android Men's Vintage Henley,7,114.379523
GGOEYAEJ029613,YouTube Women's Short Sleeve Tri-blend Badge Tee Grey,7,114.363332
GGOEGAQJ058715,Google Women's Zip Hoodie Grey,1,114.24
GGOEGARJ058415,Google Women's Yoga Pants,2,113.223636
GGOEGAXC065229,Google Toddler Short Sleeve T-shirt Royal Blue,7,113.046665
GGOEYAEJ029013,YouTube Women's Short Sleeve Crew Tee,6,112.762221
GGOEGAAQ033918,Google Men's Vintage Badge Tee White,12,112.593888
GGOEYAAJ033013,YouTube Men's Skater Tee Charcoal,7,111.913333
GGOEGALJ036417,Google Women's Tee Grey,6,110.953505
GGOEGATH060716,Google Women's Convertible Vest-Jacket Sea Foam Green,2,110.432857
GGOEGKWR060810,Google Bib Red,10,110.366664
GGOEGAAQ057217,Google Men's Colorblock Tee White/Heather,2,109.48
GGOEGAAL059018,Google Men's Short Sleeve Performance Badge Tee Navy,6,108.990951
GGOEGADC059513,Google Men's Microfiber 1/4 Zip Pullover Blue/Indigo,2,108.48
GGOEGAAJ032714,Google Men's Long & Lean Tee Grey,11,108.200748
GGOEAAEB030216,Android Women's Racer Back Tank Black,5,107.95
GGOEYAWR062350,YouTube Infant Short Sleeve Tee Red,6,107.897142
GGOEAAQB036116,Android Women's Fleece Hoodie,3,107.849683
GGOEGAEJ029916,Google Women's V-Neck Tee Charcoal,6,107.589999
GGOEGAUC057715,Google Women's Performance Golf Polo Blue,2,107.546666
GGOEAAWN062648,Android Infant Short Sleeve Tee Pink,7,107.392857
GGOEAAEB031613,Android Men's 3/4 Sleeve Raglan Henley Black,4,107.376665
GGOEGALQ034215,Google Women's Hero V-Neck Tee White,7,107.045151
GGOEGADJ056818,Google Men's Watershed Full Zip Hoodie Grey,2,106.875
GGOEAAAJ080817,Android Men's Engineer Short Sleeve Tee Charcoal,5,106.664285
GGOEGADC059317,Google Men's Airflow 1/4 Zip Pullover Lapis,2,106.605
GGOEGAUC057714,Google Women's Performance Golf Polo Blue,3,106.38
GGOEAAEH035217,Android Men's Vintage Henley,5,106.259999
GGOEAAAQ032016,Android Men's Short Sleeve Hero Tee White,6,105.993029
GGOEGALH036713,Google Women's Scoop Neck Tee Green,6,105.839494
GGOEGALB036517,Google Women's Scoop Neck Tee Black,7,105.798973
GGOEGALJ034414,Google Women's Vintage Hero Tee Platinum,13,104.56504
GGOEGAXH065329,Google Toddler Short Sleeve T-shirt Green,7,104.411818
GGOEAAAJ032915,Android Men's Skater Badge Tee Charcoal,7,104.027617
GGOEAAEB031616,Android Men's 3/4 Sleeve Raglan Henley Black,4,103.918332
GGOEAAAJ080813,Android Men's Engineer Short Sleeve Tee Charcoal,5,103.783332
GGOEGATH060717,Google Women's Convertible Vest-Jacket Sea Foam Green,1,102.99
GGOEGAEJ029814,Google Women's V-Neck Tee Grey,6,102.363808
GGOEGAFB035815,Google Men's Zip Hoodie,2,101.474444
GGOEGATB060216,Google Women's 1/4 Zip Performance Pullover Black,3,101.394285
GGOEAHPB076114,Android Stretch Fit Hat,5,101.136666
GGOEAAAL081113,Android Men's Pep Rally Short Sleeve Tee Navy,7,100.913332
GGOEGESC014099,Carabiner Flashlight,20,100.675
GGOEGADB056718,Men's Softshell Jacket Black/Grey,1,99.99
GGOEGDWC020199,Google Engraved Ceramic Mug,13,99.97
GGOEGADJ059816,Google Men's Convertible Vest-Jacket Pewter,1,99.275714
GGOEGAAJ080717,Google Men's Around The Block Short Sleeve Tee Ash,7,99.221666
GGOEAHPB076115,Android Stretch Fit Hat,5,98.911538
GGOEAAWN062650,Android Infant Short Sleeve Tee Pink,6,98.375713
GGOEGAEE031015,Google Men's Heavyweight Long Sleeve Hero Tee Burgundy,3,98.212857
GGOEGAPL058517,Google Women's Insulated Thermal Vest Navy,1,97.24
GGOEGAPL058515,Google Women's Insulated Thermal Vest Navy,1,96.89
GGOEAAAB034815,Android BTTF Cosmos Shirt,6,96.756665
GGOEGAAC032117,Google Men's Short Sleeve Hero Tee Light Blue,5,96.191666
GGOEAAEB028313,Android Women's Short Sleeve Hero Tee Black,6,96.061676
GGOEGAAC035017,Google Men's Bayside Graphic Tee,5,96.060294
GGOEGAAC075715,Google Adult Tee Fruit Games Dragonfruit,4,95.831428
GGOEGAEJ030817,Google Women's Long Sleeve Blended Cardigan Charcoal,4,95.71238
GGOEYAEB031415,YouTube Men's 3/4 Sleeve Henley,4,95.36
GGOEGAAJ032717,Google Men's Skater Tee Grey,6,95.156665
GGOEGHGR019499,Google Sunglasses Red,28,95.15
GGOEGAER029213,Google Women's Short Sleeve Shirt Red,5,94.972222
GGOEAAEC029416,Android Women's Short Sleeve Tri-blend Badge Tee Light Blue,5,94.05
GGOEAAAJ034513,Android Men's Vintage Tee,5,93.4
GGOEGAEJ028515,Google  Women's Muscle Tee,6,92.606532
GGOEGAXJ065530,Google Toddler Short Sleeve T-shirt Grey,9,92.509501
GGOEGAEJ028514,Google  Women's Muscle Tee,6,92.359779
GGOEGAEJ029813,Google Women's V-Neck Tee Grey,5,91.973626
GGOEGAXT065455,Google Toddler Short Sleeve T-shirt Yellow,6,91.252499
GGOEGAHB057418,Google Men's Performance Polo Grey/Black,1,90.79
GGOEAAAC080913,Android Lifted Men's Short Sleeve Tee Blue,5,90.516666
GGOEAAAJ032916,Android Men's Skater Badge Tee Charcoal,5,88.45
GGOEAAEC029413,Android Women's Short Sleeve Tri-blend Badge Tee Light Blue,5,88.375
GGOEGAXH065328,Google Toddler Short Sleeve T-shirt Green,6,88.123332
GGOEGALJ036416,Google Women's Tee Grey,4,88.072268
GGOEGALP034315,Google Women's Short Sleeve V-Neck Tee Lavender,6,87.95111
GGOEGADC059313,Google Men's Airflow 1/4 Zip Pullover Lapis,2,87.88
GGOEGAPB057614,Google Women's Softshell Jacket Black/Grey,1,87.79
GGOEYAEB031414,YouTube Men's 3/4 Sleeve Henley,4,87.76
GGOEAAAJ032917,Android Men's Skater Badge Tee Charcoal,4,86.726666
GGOEGALL074613,Google Women's Short Sleeve Badge Tee Navy,7,86.51515
GGOEGAAH034013,Google Men's Vintage Badge Tee Green,6,86.267004
GGOEGAAJ059117,Google Men's Short Sleeve Performance Badge Tee Pewter,4,86.152307
GGOEGAWR061050,Google Onesie Red/Graphite,4,86.11
GGOEGALJ060113,Google Women's Short Sleeve Performance Tee Pewter,5,85.995
GGOEGAPB058616,Google Women's Yoga Jacket Black,1,85.99
GGOEGAXT065428,Google Toddler Short Sleeve T-shirt Yellow,6,85.94476
GGOEAAAJ032914,Android Men's Long & Lean Badge Tee Charcoal,14,85.913404
GGOEGAXH065330,Google Toddler Short Sleeve T-shirt Green,6,85.731666
GGOEYAWR062349,YouTube Infant Short Sleeve Tee Red,5,85.483332
GGOEYAEB035617,YouTube Men's Vintage Tank,6,85.479999
GGOEAAAB081013,Android Men's Outerstellar Short Sleeve Tee Black,5,85.366666
GGOEAAEB030213,Android Women's Racer Back Tank Black,5,85.130769
GGOEYAEB030013,YouTube Women's Racer Back Tank Black,5,85.116666
GGOEAAAJ032914,Android Men's Skater Badge Tee Charcoal,5,84.999999
GGOEGAEJ029815,Google Women's V-Neck Tee Grey,5,84.12489
GGOEGALJ057912,Google Women's Short Sleeve Performance Tee Charcoal,2,83.49
GGOEGALJ060114,Google Women's Short Sleeve Performance Tee Pewter,7,83.257142
GGOEWAAJ082814,Waze Men's Short Sleeve Tee,4,82.693333
GGOEGAAJ032817,Google Men's Skater Tee Charcoal,5,81.95
GGOEGALQ058116,Google Women's Colorblock Tee White,2,81.78
GGOEAAEB031213,Android Heavyweight Long Sleeve Badge Tee Black,2,81.202222
GGOEAAEB031214,Android Men's Heavyweight Long Sleeve Badge Tee Black,2,80.98
GGOEGAER029215,Google Women's Short Sleeve Badge Tee Red Heather,5,80.483332
GGOEGBRB013899,Solo Pro Backpack,1,80.342941
GGOEAAAB081016,Android Men's Outerstellar Short Sleeve Tee Black,4,80.126666
GGOEGAXR066028,Google Toddler Sports T-shirt Red,5,79.723333
GGOEYAEA030515,YouTube Womens 3/4 Sleeve Baseball Raglan White/Black,4,79.376666
GGOEAAEJ035716,Android Men's Vintage Tank,6,79.34
GGOEAAWH061550,Android Onesie Sprout Green,4,78.626665
GGOEYAAJ033016,YouTube Men's Skater Tee Charcoal,5,78.433333
GGOEGAPB057512,Women's Weatherblock Shell Jacket Black,1,78.39
GGOEGAWC062149,Google Infant Short Sleeve Tee Cornflower Blue,5,78.369047
GGOEYAEA035117,YouTube Men's Vintage Henley,3,78.13129
GGOEGAXR066055,Google Toddler Sports T-shirt Red,5,77.625714
GGOEAAWC062448,Android Infant Short Sleeve Tee Aqua,4,77.526666
GGOEGAPC058817,Google Women's Shell Jacket Blue/Black,1,77.24
GGOEGAPC058816,Google Women's Shell Jacket Blue/Black,1,77.132857
GGOEGOAC021799,PaperMate Ink Joy RT Pen,82,76.407777
GGOEGAEJ029915,Google Women's V-Neck Tee Charcoal,4,75.892466
GGOEAHPB076113,Android Stretch Fit Hat,3,74.97
GGOEWAAJ083515,Waze Men's Typography Short Sleeve Tee,4,74.651666
GGOEGAAC075714,Google Adult Tee Fruit Games Dragonfruit,3,74.586666
GGOEGAXT065430,Google Toddler Short Sleeve T-shirt Yellow,5,74.569046
GGOEWAAJ082813,Waze Men's Short Sleeve Tee,4,74.502857
GGOEGATC060316,Google Women's 1/4 Zip Performance Pullover Two-Tone Blue,2,74.405
GGOEGEVA022399,ATOM Wireless Earbud Headset,2,73.999607
GGOEYFKQ020699,YouTube Sticker Sheet,22,73.260951
GGOEGAER033215,Google Men's Long Sleeve Raglan Cranberry,3,72.987647
GGOEGAER029214,Google Women's Short Sleeve Badge Tee Red Heather,4,72.643333
GGOEGALJ072913,Google Women's Performance Hero Tee Gunmetal,5,71.63
GGOEGAEJ030816,Google Women's Long Sleeve Blended Cardigan Charcoal,3,71.603332
GGOEAAWC061650,Android Onesie Baby Blue,4,71.343333
GGOEAAWH061549,Android Onesie Sprout Green,4,71.093333
GGOEAAAB081017,Android Men's Outerstellar Short Sleeve Tee Black,3,70.636666
GGOEGAEC029116,Google Women's Short Sleeve Shirt Blue,4,70.598094
GGOEGAEJ030715,Google 3/4 Sleeve Raglan Henley Grey,3,70.47
GGOEGAEE031013,Google Men's Heavyweight Long Sleeve Hero Tee Burgundy,2,69.48
GGOEAAAB034814,Android BTTF Cosmos Shirt,4,68.693332
GGOEGAEJ033317,Google Men's Long Sleeve Pullover Badge Tee Heather,2,68.246666
GGOEAAWH061554,Android Onesie Sprout Green,4,67.693333
GGOEAAWC061654,Android Onesie Baby Blue,4,67.693333
GGOEAAAJ034517,Android Men's Vintage Tee,4,67.326666
GGOEAAWT061750,Android Onesie Gold,3,67.07
GGOEGALQ036616,Google Women's Scoop Neck Tee White,7,66.969838
GGOEGALJ057915,Google Women's Short Sleeve Performance Tee Charcoal,2,66.69
GGOEGAEC033117,Google Long Sleeve Raglan Badge Henley Ocean Blue,3,66.669999
GGOEGAER035517,Google Men's Vintage Tank,4,66.057222
GGOEGBJC014399,Speed Zone Air Mesh Tote,7,65.739523
GGOEGAEJ033315,Google Men's Long Sleeve Pullover Crew Tee Heather,2,64.98
GGOEGALP036315,Google Women's Tee Purple,3,64.903332
GGOEGAXT075030,Google Toddler Tee Fruit Games Strawberry,3,64.22
GGOEGALJ034415,Google Women's Vintage Hero Tee Platinum,8,63.642647
GGOEGAER029214,Google Women's Short Sleeve Shirt Red,4,63.264761
GGOEGADJ059417,Google Men's Microfiber 1/4 Zip Pullover Grey/Black,1,62.99
GGOEGALJ072915,Google Women's Performance Hero Tee Gunmetal,5,62.796666
GGOEGAEC029115,Google Women's Short Sleeve Shirt Blue,4,62.117142
GGOEGAAJ032813,Google Men's Long & Lean Tee Charcoal,11,61.670113
GGOEAAAH083313,Android Men's Paradise Short Sleeve Tee Olive,3,61.386666
GGOEAAAB034916,Android BTTF Moonshot Shirt,4,60.569523
GGOEGAAJ073013,Google Men's Performance Hero Tee Gunmetal,3,60.482307
GGOEGATB060418,Google Women's Quilted Insulated Vest Black,1,60.29
GGOEGAEJ030713,Google Men's 3/4 Sleeve Raglan Henley Grey,3,60.136666
GGOEGAXH074728,Google Toddler Tee Fruit Games Pineapple,3,59.069999
GGOEGALH036716,Google Women's Scoop Neck Tee Green,3,59.003333
GGOEAAAH083316,Android Men's Paradise Short Sleeve Tee Olive,4,58.926666
GGOEYAAQ031717,YouTube Men's Short Sleeve Hero Tee  White,3,58.553333
GGOEGALJ073317,Google Women's Short Sleeve Hero Tee Heather,3,58.47
GGOEGAEB031517,Google 3/4 Sleeve Raglan Badge Henley Black,2,57.646666
GGOEGAAC032116,Google Men's Short Sleeve Hero Tee Light Blue,3,57.392221
GGOEAAAJ034516,Android Men's Vintage Tee,3,56.955714
GGOEAAEJ028214,Android Women's Short Sleeve Badge Tee Dark Heather,4,56.927099
GGOEAAWN062649,Android Infant Short Sleeve Tee Pink,4,56.594285
GGOEGAFB035814,Google Men's Zip Hoodie,1,56.24
GGOEAAAP081217,Android Men's Take Charge Short Sleeve Tee Purple,4,55.415454
GGOEGAAH075915,Google Adult Tee Fruit Games Pineapple,2,55.38
GGOEAAEB031617,Android Men's 3/4 Sleeve Raglan Henley Black,2,55.23
GGOEGALJ072914,Google Women's Performance Hero Tee Gunmetal,4,55.090475
GGOEGAYT068526,Google Youth Short Sleeve T-shirt Yellow,4,55.006666
GGOEGAEJ028115,Google Women's Short Sleeve Badge Tee Grey,6,54.368627
GGOEWAAJ083514,Waze Men's Typography Short Sleeve Tee,3,53.262857
GGOEGAAC075813,Google Adult Tee Fruit Games Cherries,2,52.305
GGOEAAAB034816,Android BTTF Cosmos Shirt,3,52.17
GGOEYAEJ029015,YouTube Women's Short Sleeve Crew Tee,3,52.092221
GGOEGAEJ028714,Google Women's Short Sleeve V-Neck Tee Dark Grey,3,52.061666
GGOEAAWC062450,Android Infant Short Sleeve Tee Aqua,3,51.936666
GGOEGAWC061254,Google Onesie Royal Blue,3,50.903333
GGOEGALQ034216,Google Women's Hero V-Neck Tee White,3,50.77
GGOEGAEJ028915,Google Women's Short Sleeve Shirt Dark Grey,3,50.557301
GGOEGAAQ057218,Google Men's Colorblock Tee White/Heather,1,50.39
GGOEGOAB021699,PaperMate Ink Joy Pen,23,50.203333
GGOEGAAJ032717,Google Men's Long & Lean Tee Grey,5,50.040909
GGOEGAER033216,Google Men's Long Sleeve Raglan Cranberry,2,49.98
GGOEGAAC075713,Google Adult Tee Fruit Games Dragonfruit,2,49.847857
GGOEGOCT019199,Google Red Spiral Notebook,6,49.082857
GGOEGAYH068426,Google Youth Short Sleeve T-shirt Green,3,48.903333
GGOEGAYH075226,Google Youth Tee Fruit Games Pineapple,2,48.672857
GGOEGAYR075426,Google Youth Tee Fruit Games Banana,2,48.672857
GGOEGAYC075326,Google Youth Tee Fruit Games Cherries,2,48.522857
GGOEAAYC068726,Android Youth Short Sleeve T-shirt Aqua,3,48.441428
GGOEYDHJ019399,YouTube 24 oz Stripe Accent Bottle,5,48.188094
GGOEAAWJ062550,Android Infant Short Sleeve Tee Pewter,3,48.086666
GGOEGAPJ058012,Google Women's 1/4 Zip Jacket Charcoal,1,48.0
GGOEGOAQ015999,Bic Intensity Clic Gel Pen,13,46.716665
GGOEGAXR066030,Google Toddler Sports T-shirt Red,3,46.61
GGOEGOAB015899,Bic Digital Clic Stic Stylus Pen,29,46.494444
GGOEGALB059917,Google Women's Short Sleeve Performance Tee Black,3,46.4825
GGOEGAEJ030713,Google 3/4 Sleeve Raglan Henley Grey,2,46.465714
GGOEGAAB058914,Google Men's Performance Badge Tee Black,2,46.43
GGOEGAER029215,Google Women's Short Sleeve Shirt Red,3,46.284285
GGOEGATB060217,Google Women's 1/4 Zip Performance Pullover Black,1,46.156666
GGOEGALQ036617,Google Women's Scoop Neck Tee White,3,45.127727
GGOEAAAJ032913,Android Men's Skater Badge Tee Charcoal,3,45.036666
GGOEAAEB031217,Android Heavyweight Long Sleeve Badge Tee Black,1,44.99
GGOEWAAJ082817,Waze Men's Short Sleeve Tee,2,44.73
GGOEGAEA030417,Google Womens 3/4 Sleeve Baseball Raglan Heather/Black,2,44.73
GGOEGAXH074730,Google Toddler Tee Fruit Games Pineapple,2,44.18
GGOEGALQ058114,Google Women's Colorblock Tee White,1,43.99
GGOEAAEJ035717,Android Men's Vintage Tank,2,43.78
GGOEGCBQ016499,SPF-15 Lip Balm,17,43.041666
GGOEYAEB031413,YouTube Men's 3/4 Sleeve Henley,2,42.98
GGOEGAYC075624,Google Youth Tee Fruit Games Lemon,2,42.901428
GGOEAAAJ032417,Android Men's Short Sleeve Tri-blend Hero Tee Grey,2,42.43
GGOEGAPB058617,Google Women's Yoga Jacket Black,1,42.333333
GGOEGAWC062148,Google Infant Short Sleeve Tee Cornflower Blue,3,42.079523
GGOEGAEE031017,Google Heavyweight Long Sleeve Hero Tee Burgundy,1,41.99
GGOEYAEJ029016,YouTube Women's Short Sleeve Hero Tee Charcoal,2,41.98
GGOEGAEJ030714,Google 3/4 Sleeve Raglan Henley Grey,2,41.216363
GGOEGAAJ073014,Google Men's Performance Tee Gunmetal,2,40.746666
GGOEGALJ072913,Google Women's Performance Tee Gunmetal,2,40.68
GGOEAAAB034913,Android BTTF Moonshot Shirt,2,40.146666
GGOEGDHG014499,25 oz. Infusion Water Bottle,4,40.141818
GGOEGALQ034217,Google Women's Hero V-Neck Tee White,2,39.98
GGOEYAEJ029516,YouTube Women's Short Sleeve Tri-blend Badge Tee Charcoal,5,39.4
GGOEGAXT075028,Google Toddler Tee Fruit Games Strawberry,2,39.38
GGOEYAWJ061454,YouTube Onesie Heather,2,39.135555
GGOEGAEJ033316,Google Men's Long Sleeve Pullover Crew Tee Heather,1,38.99
GGOEAAEJ033417,Android Men's Long Sleeve Badge Crew Tee Heather,1,38.99
GGOEGAXC075128,Google Toddler Tee Fruit Games Lemon,2,38.88
GGOEGAXC074828,Google Toddler Tee Fruit Games Cherries,2,38.88
GGOEGAWC061950,Google Infant Short Sleeve Tee Royal Blue,2,38.646666
GGOEAAWC062449,Android Infant Short Sleeve Tee Aqua,2,38.08
GGOEGAAQ057213,Google Men's Colorblock Tee White/Heather,1,37.99
GGOEYAEB028415,Women's YouTube Short Sleeve Hero Tee Black,2,37.746666
GGOEGALB059913,Google Women's Badge Performance Tee Black,2,37.715714
GGOEYAEA030516,YouTube Womens 3/4 Sleeve Baseball Raglan White/Black,2,37.48
GGOEGALJ034414,Google Women's Short Sleeve V-Neck Tee Stone,2,37.23
GGOEGAYT068556,Google Youth Short Sleeve T-shirt Yellow,2,36.929999
GGOEGAAJ057017,Google Men's Short Sleeve Performance Badge Tee Charcoal,2,36.735294
GGOEGCMB020932,Set of 3 Packing Cubes,2,36.332941
GGOEGAEJ028917,Google Women's Short Sleeve Hero Dark Grey,2,36.18
GGOEAAEB028314,Android Women's Short Sleeve Hero Tee Black,2,35.98
GGOEGPXR023199,Collapsible Pet Bowl,8,35.807301
GGOEAAAB034813,Android BTTF Cosmos Shirt,2,35.646666
GGOEGAEC029117,Google Women's Short Sleeve Hero Tee Sky Blue,2,35.48
GGOEWALJ082713,Waze Women's Short Sleeve Tee,2,35.18
GGOEGAEJ033313,Google Men's Long Sleeve Pullover Crew Tee Heather,1,34.99
GGOEAAAJ032916,Android Men's Long & Lean Badge Tee Charcoal,6,34.689162
GGOEAAEC029414,Android Women's Short Sleeve Tri-blend Badge Tee Light Blue,2,34.255
GGOEGOCB078299,Google Leather Journal (Black),1,33.847142
GGOEGAAJ032713,Google Men's Long & Lean Tee Grey,3,33.795
GGOEGALH036717,Google Women's Scoop Neck Tee Green,2,33.646666
GGOEYAEJ029017,YouTube Women's Short Sleeve Hero Tee Charcoal,2,33.046666
GGOEGAWC061948,Google Infant Short Sleeve Tee Royal Blue,2,32.846666
GGOEYAEJ029014,YouTube Women's S/S Crew Tee,2,32.546666
GGOEYAEJ029013,YouTube Women's S/S Crew Tee,2,32.546666
GGOEGAAJ032716,Google Men's Long & Lean Tee Grey,4,32.444444
GGOEGAEJ028713,Google Women's Short Sleeve V-Neck Tee Dark Grey,2,32.305
GGOEGAER033217,Google Men's Long Sleeve Raglan Cranberry,2,32.283571
GGOEADWQ015699,Android 14 oz Mug White/Green,2,31.98
GGOEGAER029216,Google Women's Short Sleeve Shirt Red,2,31.808571
GGOEAAEH035216,Android Men's Vintage Henley,2,31.656666
GGOEGAEJ030113,Google Women's Tank Top,2,31.55647
GGOEGAER029216,Google Women's Short Sleeve Badge Tee Red Heather,2,31.54129
GGOEGAAH075917,Google Adult Tee Fruit Games Pineapple,1,28.99
GGOEYAAJ033015,YouTube Men's Long & Lean Tee Charcoal,2,28.98
GGOEYAEJ029616,YouTube Women's Short Sleeve Tri-blend Badge Tee Grey,2,28.846666
GGOEYAEJ033517,YouTube Men's Long Sleeve Pullover Badge Tee Heather,1,28.545555
GGOEGAXC074830,Google Toddler Tee Fruit Games Cherries,1,28.49
GGOEGAAC075814,Google Adult Tee Fruit Games Cherries,1,27.99
GGOEGALJ034417,Google Women's Vintage Hero Tee Platinum,2,27.986666
GGOEYAAJ033017,YouTube Men's Skater Tee Charcoal,2,27.68
GGOEGAAH075916,Google Adult Tee Fruit Games Pineapple,1,27.323333
GGOEGAYC075626,Google Youth Tee Fruit Games Lemon,1,27.132857
GGOEGAYT075526,Google Youth Tee Fruit Games Strawberry,1,27.132857
GGOEGALJ034416,Google Women's Vintage Hero Tee Platinum,2,26.211666
GGOEGALP036317,Google Women's Tee Purple,1,25.74
GGOEGAEJ028116,Google Women's Short Sleeve Badge Tee Grey,4,25.720531
GGOEGAEJ030717,Google Men's 3/4 Sleeve Raglan Henley Grey,1,25.49
GGOEGALJ060115,Google Women's Short Sleeve Performance Tee Pewter,2,25.393809
GGOEGAYC075356,Google Youth Tee Fruit Games Cherries,1,24.79
GGOEGAYT075556,Google Youth Tee Fruit Games Strawberry,1,24.79
GGOEGAER033214,Google Men's Long Sleeve Baseball Raglan Cranberry,1,24.49
GGOEYAAJ033014,YouTube Men's Long & Lean Tee Charcoal,2,24.23
GGOEGAXH074755,Google Toddler Tee Fruit Games Pineapple,1,24.220769
GGOEGAXC075155,Google Toddler Tee Fruit Games Lemon,1,24.220769
GGOEYAEB031417,YouTube Men's 3/4 Sleeve Henley,1,23.99
GGOEAAAJ032913,Android Men's Long & Lean Badge Tee Charcoal,4,23.546305
GGOEAAEJ029315,Android Women's Short Sleeve Badge Tee Light Charcoal,1,23.49
GGOEGALJ073316,Google Women's Short Sleeve Hero Tee Heather,1,22.99
GGOEGAAJ073015,Google Men's Performance Tee Gunmetal,1,22.99
GGOEGAAJ073016,Google Men's Performance Tee Gunmetal,1,22.59
GGOEGAER029217,Google Women's Short Sleeve Badge Tee Red Heather,1,22.49
GGOEGAAJ073017,Google Men's Performance Tee Gunmetal,1,22.463684
GGOEGAXR074955,Google Toddler Tee Fruit Games Banana,1,22.19
GGOEYAEB030016,YouTube Women's Racer Back Tank Black,1,21.99
GGOEYAAJ033017,YouTube Men's Long & Lean Tee Charcoal,2,21.48
GGOEGAYH075225,Google Youth Tee Fruit Games Pineapple,1,21.456666
GGOEGAYT075525,Google Youth Tee Fruit Games Strawberry,1,21.361428
GGOEGAYC075325,Google Youth Tee Fruit Games Cherries,1,21.361428
GGOEGAYH075224,Google Youth Tee Fruit Games Pineapple,1,21.361428
GGOEGAYR075425,Google Youth Tee Fruit Games Banana,1,21.361428
GGOEGAYR075424,Google Youth Tee Fruit Games Banana,1,21.29
GGOEGAXT075029,Google Toddler Tee Fruit Games Strawberry,1,21.19
GGOEGAYC075324,Google Youth Tee Fruit Games Cherries,1,21.04
GGOEGAAL059017,Google Men's Performance Badge Tee Navy,1,20.59
GGOEGALP036314,Google Women's Tee Purple,1,20.523333
GGOEWALJ083417,Waze Women's Typography Short Sleeve Tee,1,19.99
GGOEGAXR074929,Google Toddler Tee Fruit Games Banana,1,19.79
GGOEGAXH074729,Google Toddler Tee Fruit Games Pineapple,1,19.69
GGOEWALJ083415,Waze Women's Typography Short Sleeve Tee,1,19.523333
GGOEAAEJ029317,Android Women's Short Sleeve Badge Tee Light Charcoal,1,19.49
GGOEGESB015099,Powerbank Flashlight,1,19.39
GGOEWAAJ083516,Waze Men's Typography Short Sleeve Tee,1,19.323333
GGOEAAEJ029313,Android Women's Short Sleeve Tri-blend Badge Tee Light Grey,1,19.220769
GGOEAFKQ020499,8pc Android Sticker Sheet,11,19.077301
GGOEAAEJ028216,Android Women's Short Sleeve Badge Tee Dark Heather,1,18.99
GGOEAAEB028316,Android Women's Short Sleeve Hero Tee Black,1,18.99
GGOEYAEB028416,Women's YouTube Short Sleeve Hero Tee Black,1,18.99
GGOEGALJ060113,Google Women's Badge Performance Tee Gunmetal,1,18.875714
GGOEGAAL059015,Google Men's Performance Badge Tee Navy,1,18.59
GGOEGAER033213,Google Men's Long Sleeve Baseball Raglan Cranberry,1,18.456666
GGOEGAWC061949,Google Infant Short Sleeve Tee Royal Blue,1,18.09
GGOEGAUC057717,Google Women's Performance Golf Polo Blue,1,18.066666
GGOEGAAJ059115,Google Men's Performance Badge Tee Gunmetal,1,17.923333
GGOEGALB059916,Google Women's Badge Performance Tee Black,1,17.84
GGOEGAEA030614,Google Women's Recycled Fabric Tee,1,17.656666
GGOEAAAB034817,Android BTTF Cosmos Shirt,1,17.49
GGOEAAAB034917,Android BTTF Moonshot Shirt,1,17.44
GGOEGHGC019799,Google Sunglasses Blue,5,17.257142
GGOEWALJ083416,Waze Women's Typography Short Sleeve Tee,1,17.19
GGOEAAAJ032917,Android Men's Long & Lean Badge Tee Charcoal,3,17.189162
GGOEAAEB030214,Android Women's Racer Back Tank Black,1,16.99
GGOEYAEJ029517,YouTube Women's Short Sleeve Tri-blend Badge Tee Charcoal,1,16.856666
GGOEWAAJ083513,Waze Men's Typography Short Sleeve Tee,1,16.315
GGOEAAEJ029313,Android Women's Short Sleeve Badge Tee Light Charcoal,1,16.19
GGOEGAEJ029817,Google Women's V-Neck Tee Grey,1,16.19
GGOEGAEJ029816,Google Women's V-Neck Tee Grey,1,16.19
GGOEGAEJ029014,YouTube Women's S/S Crew Tee,1,16.023333
GGOEWALJ082715,Waze Women's Short Sleeve Tee,1,15.735454
GGOEGALJ072916,Google Women's Performance Hero Tee Gunmetal,1,15.532857
GGOEAHPB080210,Android 5-Panel Low Cap,1,15.307647
GGOEYOLR018699,YouTube Notebook Set,2,15.151428
GGOEYAAJ033013,YouTube Men's Long & Lean Tee Charcoal,1,14.99
GGOEYAEB030014,YouTube Women's Racer Back Tank Black,1,14.99
GGOEGALJ034415,Google Women's Short Sleeve V-Neck Tee Stone,1,14.84
GGOEGAEJ028716,Google Women's Short Sleeve V-Neck Tee Dark Grey,1,14.256666
GGOEGALJ034413,Google Women's Short Sleeve V-Neck Tee Stone,1,14.018571
GGOEGAEJ028715,Google Women's Short Sleeve V-Neck Tee Dark Grey,1,13.715
GGOEYAAJ033016,YouTube Men's Long & Lean Tee Charcoal,1,11.99
GGOEGHGT019599,Google Sunglasses Yellow,2,10.5
GGOEGCBN016899,Pet Feeding Mat,1,7.69
GGOEGALJ060116,Google Women's Short Sleeve Performance Tee Pewter,1,6.88
GGOEGPXC023299,Google Collapsible Pet Bowl Blue,1,4.79
GGOEGOXQ016399,Google Badge Pull,2,4.122857
GGOEGHGH019699,Google Sunglasses Green,1,3.0
GGOEGOFH020299,Screen Cleaning Cloth,1,2.323333